,full_url,capture_date,original_url
0,https://arquivo.pt/noFrame/replay/20180718091228/https://kodi.softonic.com.br/android,2.01807E+13,https://kodi.softonic.com.br/android
1,https://arquivo.pt/noFrame/replay/20091222215342/http://code.google.com/chromium/,2.00912E+13,http://code.google.com/chromium/
2,https://arquivo.pt/noFrame/replay/20090701102622/http://observatorio.ultimosegundo.ig.com.br/blogs/codigoaberto.asp,2.00907E+13,http://observatorio.ultimosegundo.ig.com.br/blogs/codigoaberto.asp
3,https://arquivo.pt/noFrame/replay/20160620131945/http://pt.wikipedia.org/wiki/C%C3%B3digo_aberto,2.01606E+13,http://pt.wikipedia.org/wiki/C%C3%B3digo_aberto
4,https://arquivo.pt/noFrame/replay/20091223011839/http://observatorio.ultimosegundo.ig.com.br/blogs/codigoaberto.asp,2.00912E+13,http://observatorio.ultimosegundo.ig.com.br/blogs/codigoaberto.asp
5,https://arquivo.pt/noFrame/replay/20181111190808/https://github.com/arquivo/pwa-technologies/wiki,2.01811E+13,https://github.com/arquivo/pwa-technologies/wiki
6,https://arquivo.pt/noFrame/replay/20091005173436/http://code.google.com/chromium/,2.0091E+13,http://code.google.com/chromium/
7,https://arquivo.pt/noFrame/replay/20150408175345/http://pt.wikipedia.org/wiki/C%C3%B3digo_aberto,2.01504E+13,http://pt.wikipedia.org/wiki/C%C3%B3digo_aberto
8,https://arquivo.pt/noFrame/replay/20160205164708/http://arquivo.pt/servicos,2.01602E+13,http://arquivo.pt/servicos
9,https://arquivo.pt/noFrame/replay/20190327081648/https://free-pascal.softonic.com.br/mac,2.01903E+13,https://free-pascal.softonic.com.br/mac
10,https://arquivo.pt/noFrame/replay/20091007094833/http://www.observatoriodaimprensa.com.br/blogs.asp?id_blog=2,2.0091E+13,http://www.observatoriodaimprensa.com.br/blogs.asp?id_blog=2
11,https://arquivo.pt/noFrame/replay/20100805044955/http://moss.dcti.iscte.pt/index.php?s_id=3,2.01008E+13,http://moss.dcti.iscte.pt/index.php?s_id=3
12,https://arquivo.pt/noFrame/replay/20190325093522/https://github.com/arquivo/pwa-technologies/wiki,2.01903E+13,https://github.com/arquivo/pwa-technologies/wiki
13,https://arquivo.pt/noFrame/replay/20160614141045/http://iscte-iul.pt/cursos/mestrados/10702/apresentacao.aspx,2.01606E+13,http://iscte-iul.pt/cursos/mestrados/10702/apresentacao.aspx
14,https://arquivo.pt/noFrame/replay/20190327072915/https://clamxav.softonic.com.br/mac,2.01903E+13,https://clamxav.softonic.com.br/mac
15,https://arquivo.pt/noFrame/replay/20180718142839/https://burn.softonic.com.br/mac,2.01807E+13,https://burn.softonic.com.br/mac
16,https://arquivo.pt/noFrame/replay/20090920020723/http://www.variations.eu/sistema_aberto_pt.html,2.00909E+13,http://www.variations.eu/sistema_aberto_pt.html
17,https://arquivo.pt/noFrame/replay/20080304110237/http://www.aeiou.pt/catalogo/Internet/Weblogs/Codigo_Aberto.html,2.00803E+13,http://www.aeiou.pt/catalogo/Internet/Weblogs/Codigo_Aberto.html
18,https://arquivo.pt/noFrame/replay/20090908134614/http://www.tiagoluchini.eu/2008/05/31/cristianismo-codigo-aberto/,2.00909E+13,http://www.tiagoluchini.eu/2008/05/31/cristianismo-codigo-aberto/
19,https://arquivo.pt/noFrame/replay/20190101181336/https://link.estadao.com.br/blogs/codigo-aberto/,2.01901E+13,https://link.estadao.com.br/blogs/codigo-aberto/
20,https://arquivo.pt/noFrame/replay/20190112181630/https://link.estadao.com.br/blogs/codigo-aberto/,2.01901E+13,https://link.estadao.com.br/blogs/codigo-aberto/
21,https://arquivo.pt/noFrame/replay/20081022150832/http://www.observatoriodaimprensa.com.br/BLOGS/imprimir2.asp?id={3EEF64C5-0ED3-4CE1-B627-6E8C0EACFEFF}&id_blog=2,2.0081E+13,http://www.observatoriodaimprensa.com.br/BLOGS/imprimir2.asp?id={3EEF64C5-0ED3-4CE1-B627-6E8C0EACFEFF}&id_blog=2
22,https://arquivo.pt/noFrame/replay/20150409010533/http://obviousmag.org/codigo_aberto/,2.01504E+13,http://obviousmag.org/codigo_aberto/
23,https://arquivo.pt/noFrame/replay/20150409113647/http://cms5.obviousmag.org/mt-search.cgi?IncludeBlogs=1088&template_id=13438&limit=15&archive_type=Index&page=2,2.01504E+13,http://cms5.obviousmag.org/mt-search.cgi?IncludeBlogs=1088&template_id=13438&limit=15&archive_type=Index&page=2
24,https://arquivo.pt/noFrame/replay/20150409143258/http://obviousmag.org/codigo_aberto/atom.xml,2.01504E+13,http://obviousmag.org/codigo_aberto/atom.xml
25,https://arquivo.pt/noFrame/replay/20150815095545/http://cms5.obviousmag.org/mt-search.cgi?IncludeBlogs=1088&template_id=13438&limit=15&archive_type=Index&page=2,2.01508E+13,http://cms5.obviousmag.org/mt-search.cgi?IncludeBlogs=1088&template_id=13438&limit=15&archive_type=Index&page=2
26,https://arquivo.pt/noFrame/replay/20170605175158/http://plone.org/,2.01706E+13,http://plone.org/
27,https://arquivo.pt/noFrame/replay/20160514071630/http://plone.org/,2.01605E+13,http://plone.org/
28,https://arquivo.pt/noFrame/replay/20091001103133/http://www.opensource.org/,2.0091E+13,http://www.opensource.org/
29,https://arquivo.pt/noFrame/replay/20160513192852/http://www.inovacaotecnologica.com.br/noticias/noticia.php?artigo=pulpino-processador-codigo-aberto&id=010150160405,2.01605E+13,http://www.inovacaotecnologica.com.br/noticias/noticia.php?artigo=pulpino-processador-codigo-aberto&id=010150160405
30,https://arquivo.pt/noFrame/replay/20150420014218/http://poesiaemcodigoaberto.blogspot.pt/,2.01504E+13,http://poesiaemcodigoaberto.blogspot.pt/
31,https://arquivo.pt/noFrame/replay/20091218052737/http://kmol.online.pt/tag/codigo-aberto+competencias,2.00912E+13,http://kmol.online.pt/tag/codigo-aberto+competencias
32,https://arquivo.pt/noFrame/replay/20091218052748/http://kmol.online.pt/tag/codigo-aberto+ferramentas_sociais,2.00912E+13,http://kmol.online.pt/tag/codigo-aberto+ferramentas_sociais
33,https://arquivo.pt/noFrame/replay/20160209055757/http://poesiaemcodigoaberto.blogspot.pt/,2.01602E+13,http://poesiaemcodigoaberto.blogspot.pt/
34,https://arquivo.pt/noFrame/replay/20200109150643/http://poesiaemcodigoaberto.blogspot.com/,2.02001E+13,http://poesiaemcodigoaberto.blogspot.com/
35,https://arquivo.pt/noFrame/replay/20151118031643/http://casa-viva.blogspot.pt/search/label/c%C3%B3digo%20aberto?updated-max/0752014-11-14T06:23:00-08:00/46max-results/07520/46start/07520/46by-date/75false,2.01511E+13,http://casa-viva.blogspot.pt/search/label/c%C3%B3digo%20aberto?updated-max/0752014-11-14T06:23:00-08:00/46max-results/07520/46start/07520/46by-date/75false
36,https://arquivo.pt/noFrame/replay/20151121202558/http://outubro.blogspot.pt/2012/07/codigo-aberto.html,2.01511E+13,http://outubro.blogspot.pt/2012/07/codigo-aberto.html
37,https://arquivo.pt/noFrame/replay/20190903224647/http://poesiaemcodigoaberto.blogspot.com/,2.01909E+13,http://poesiaemcodigoaberto.blogspot.com/
38,https://arquivo.pt/noFrame/replay/20160206170059/http://casa-viva.blogspot.pt/search/label/c%C3%B3digo%20aberto?updated-max/0752014-11-14T06:23:00-08:00/46max-results/07520/46start/07520/46by-date/75false,2.01602E+13,http://casa-viva.blogspot.pt/search/label/c%C3%B3digo%20aberto?updated-max/0752014-11-14T06:23:00-08:00/46max-results/07520/46start/07520/46by-date/75false
39,https://arquivo.pt/noFrame/replay/20170427175009/http://www.jornalmapa.pt/wp-json/oembed/1.0/embed?url=http%3A%2F%2Fwww.jornalmapa.pt%2F2017%2F04%2F27%2Fresistencia-codigo-aberto%2F&format=xml,2.01704E+13,http://www.jornalmapa.pt/wp-json/oembed/1.0/embed?url=http%3A%2F%2Fwww.jornalmapa.pt%2F2017%2F04%2F27%2Fresistencia-codigo-aberto%2F&format=xml
40,https://arquivo.pt/noFrame/replay/20170504175444/http://www.jornalmapa.pt/wp-json/oembed/1.0/embed?url=http%3A%2F%2Fwww.jornalmapa.pt%2F2017%2F04%2F27%2Fresistencia-codigo-aberto%2F&format=xml,2.01705E+13,http://www.jornalmapa.pt/wp-json/oembed/1.0/embed?url=http%3A%2F%2Fwww.jornalmapa.pt%2F2017%2F04%2F27%2Fresistencia-codigo-aberto%2F&format=xml
41,https://arquivo.pt/noFrame/replay/20170914203749/http://tek.sapo.pt/tag/codigo-aberto,2.01709E+13,http://tek.sapo.pt/tag/codigo-aberto
42,https://arquivo.pt/noFrame/replay/20170925211226/http://tek.sapo.pt/tag/codigo-aberto,2.01709E+13,http://tek.sapo.pt/tag/codigo-aberto
43,https://arquivo.pt/noFrame/replay/20080311215055/http://saber.sapo.pt/wiki/Opensource,2.00803E+13,http://saber.sapo.pt/wiki/Opensource
44,https://arquivo.pt/noFrame/replay/20080311223741/http://saber.sapo.pt/wiki/Open_source,2.00803E+13,http://saber.sapo.pt/wiki/Open_source
45,https://arquivo.pt/noFrame/replay/20191115042118/http://foradoeixo.org.br/tag/codigo-aberto/,2.01911E+13,http://foradoeixo.org.br/tag/codigo-aberto/
46,https://arquivo.pt/noFrame/replay/20170613095640/http://moss.dcti.iscte.pt/?feed=rss2,2.01706E+13,http://moss.dcti.iscte.pt/?feed=rss2
47,https://arquivo.pt/noFrame/replay/20081021111314/http://caca.com.pt/blog/?cat=3,2.0081E+13,http://caca.com.pt/blog/?cat=3
48,https://arquivo.pt/noFrame/replay/20160519063830/http://www.inovacaotecnologica.com.br/noticias/noticia.php?artigo=pilula-robotica-codigo-aberto&id=010180151112,2.01605E+13,http://www.inovacaotecnologica.com.br/noticias/noticia.php?artigo=pilula-robotica-codigo-aberto&id=010180151112
49,https://arquivo.pt/noFrame/replay/20200101173642/http://a-informacao.blogspot.com/search/label/c%C3%B3digo%20aberto?updated-max=2008-06-15T16:25:00-07:00&max-results=20&start=20&by-date=false,2.02001E+13,http://a-informacao.blogspot.com/search/label/c%C3%B3digo%20aberto?updated-max=2008-06-15T16:25:00-07:00&max-results=20&start=20&by-date=false
50,https://arquivo.pt/noFrame/replay/20090520134356/http://www.opensourcematters.org/,2.00905E+13,http://www.opensourcematters.org/
51,https://arquivo.pt/noFrame/replay/20170605123651/http://ez.no/ezpublish,2.01706E+13,http://ez.no/ezpublish
52,https://arquivo.pt/noFrame/replay/20170605175158/http://plone.org/,2.01706E+13,http://plone.org/
53,https://arquivo.pt/noFrame/replay/20090629215352/http://www.opensource.org/,2.00906E+13,http://www.opensource.org/
54,https://arquivo.pt/noFrame/replay/20180721150639/https://gimp.it.softonic.com/mac,2.01807E+13,https://gimp.it.softonic.com/mac
55,https://arquivo.pt/noFrame/replay/20150410134409/http://www.opensource.org/,2.01504E+13,http://www.opensource.org/
56,https://arquivo.pt/noFrame/replay/20091012112215/http://www.opensourcematters.org/,2.0091E+13,http://www.opensourcematters.org/
57,https://arquivo.pt/noFrame/replay/20160110042134/http://plone.org/,2.01601E+13,http://plone.org/
58,https://arquivo.pt/noFrame/replay/20180721150638/https://gimp.de.softonic.com/mac,2.01807E+13,https://gimp.de.softonic.com/mac
59,https://arquivo.pt/noFrame/replay/20090926130334/http://www.phpmyvisites.us/,2.00909E+13,http://www.phpmyvisites.us/
60,https://arquivo.pt/noFrame/replay/20170613000046/http://st.free.fr/,2.01706E+13,http://st.free.fr/
61,https://arquivo.pt/noFrame/replay/20191013202648/https://gimp.it.softonic.com/mac,2.0191E+13,https://gimp.it.softonic.com/mac
62,https://arquivo.pt/noFrame/replay/20191004141130/http://st.free.fr/,2.0191E+13,http://st.free.fr/
63,https://arquivo.pt/noFrame/replay/20091001110739/http://en.wikipedia.org/wiki/Open_source,2.0091E+13,http://en.wikipedia.org/wiki/Open_source
64,https://arquivo.pt/noFrame/replay/20090922113111/http://www.phpmyvisites.net/,2.00909E+13,http://www.phpmyvisites.net/
65,https://arquivo.pt/noFrame/replay/20170605101918/http://www.phpmyvisites.net/,2.01706E+13,http://www.phpmyvisites.net/
66,https://arquivo.pt/noFrame/replay/20170605114330/http://piwik.org/,2.01706E+13,http://piwik.org/
67,https://arquivo.pt/noFrame/replay/20180721150629/https://gimp.en.softonic.com/mac,2.01807E+13,https://gimp.en.softonic.com/mac
68,https://arquivo.pt/noFrame/replay/20080318020311/http://secondlifegrid.net/programs/open_source,2.00803E+13,http://secondlifegrid.net/programs/open_source
69,https://arquivo.pt/noFrame/replay/20141122234718/http://piwik.org/,2.01411E+13,http://piwik.org/
70,https://arquivo.pt/noFrame/replay/20190401010139/https://gimp.de.softonic.com/mac,2.01904E+13,https://gimp.de.softonic.com/mac
71,https://arquivo.pt/noFrame/replay/20141126075600/http://en.wikipedia.org/wiki/Open_source,2.01411E+13,http://en.wikipedia.org/wiki/Open_source
72,https://arquivo.pt/noFrame/replay/20180721181933/https://inkscape.de.softonic.com/mac,2.01807E+13,https://inkscape.de.softonic.com/mac
73,https://arquivo.pt/noFrame/replay/20100807203552/http://pt.wikipedia.org/wiki/Open_source,2.01008E+13,http://pt.wikipedia.org/wiki/Open_source
74,https://arquivo.pt/noFrame/replay/20180721140928/https://libreoffice.it.softonic.com/mac,2.01807E+13,https://libreoffice.it.softonic.com/mac
75,https://arquivo.pt/noFrame/replay/20080223122142/http://secondlifegrid.net/programs/open_source,2.00802E+13,http://secondlifegrid.net/programs/open_source
76,https://arquivo.pt/noFrame/replay/20120129070453/http://pt.wikipedia.org/wiki/Open_source,2.01201E+13,http://pt.wikipedia.org/wiki/Open_source
77,https://arquivo.pt/noFrame/replay/20170607070249/http://www.gnucash.org/fr/,2.01706E+13,http://www.gnucash.org/fr/
78,https://arquivo.pt/noFrame/replay/20080312025406/http://www.crie.min-edu.pt/index.php?action=view&id=159&date_id=235&module=calendarmodule&section=9,2.00803E+13,http://www.crie.min-edu.pt/index.php?action=view&id=159&date_id=235&module=calendarmodule&section=9
79,https://arquivo.pt/noFrame/replay/20170605151134/http://www.concrete5.org/,2.01706E+13,http://www.concrete5.org/
80,https://arquivo.pt/noFrame/replay/20170606054346/http://www.open-source-guide.com/,2.01706E+13,http://www.open-source-guide.com/
81,https://arquivo.pt/noFrame/replay/20170605161412/http://www.phpmyvisites.us/,2.01706E+13,http://www.phpmyvisites.us/
82,https://arquivo.pt/noFrame/replay/20091225013552/http://sammymcmaster.ifrance.com/html/java-video-conference.html,2.00912E+13,http://sammymcmaster.ifrance.com/html/java-video-conference.html
83,https://arquivo.pt/noFrame/replay/20110621171541/http://www.log.pt/,2.01106E+13,http://www.log.pt/
84,https://arquivo.pt/noFrame/replay/20090919214212/http://de.wikipedia.org/wiki/Open_Source,2.00909E+13,http://de.wikipedia.org/wiki/Open_Source
85,https://arquivo.pt/noFrame/replay/20191115205655/https://slashdot.org/?fhfilter=opensource,2.01911E+13,https://slashdot.org/?fhfilter=opensource
86,https://arquivo.pt/noFrame/replay/20190327165313/http://cvsbook.red-bean.com/,2.01903E+13,http://cvsbook.red-bean.com/
87,https://arquivo.pt/noFrame/replay/20191116012820/https://whatis.techtarget.com/definition/open-source,2.01911E+13,https://whatis.techtarget.com/definition/open-source
88,https://arquivo.pt/noFrame/replay/20191211203125/http://www.oswd.org/,2.01912E+13,http://www.oswd.org/
89,https://arquivo.pt/noFrame/replay/20141128095740/http://open-source.smile.fr/,2.01411E+13,http://open-source.smile.fr/
90,https://arquivo.pt/noFrame/replay/20141126065643/http://portail-open-source.smile.fr/,2.01411E+13,http://portail-open-source.smile.fr/
91,https://arquivo.pt/noFrame/replay/20170211015329/http://opensourcematters.org/,2.01702E+13,http://opensourcematters.org/
92,https://arquivo.pt/noFrame/replay/20200605085046/http://www.opendocspublishing.com/,2.02006E+13,http://www.opendocspublishing.com/
93,https://arquivo.pt/noFrame/replay/20170222062226/http://www.log.pt/,2.01702E+13,http://www.log.pt/
94,https://arquivo.pt/noFrame/replay/20200605085626/http://cvsbook.red-bean.com/,2.02006E+13,http://cvsbook.red-bean.com/
95,https://arquivo.pt/noFrame/replay/20080316200155/http://www.intel.com/opensource/,2.00803E+13,http://www.intel.com/opensource/
96,https://arquivo.pt/noFrame/replay/20091225054442/http://lesliehastings.ifrance.com/java-html-parser.html,2.00912E+13,http://lesliehastings.ifrance.com/java-html-parser.html
97,https://arquivo.pt/noFrame/replay/20200625144438/https://www.dstv.co.za/self-service/,2.02006E+13,https://www.dstv.co.za/self-service/
98,https://arquivo.pt/noFrame/replay/20170608064353/http://www.odoo.com/page/e-commerce,2.01706E+13,http://www.odoo.com/page/e-commerce
99,https://arquivo.pt/noFrame/replay/20080225072905/http://www.intel.com/opensource/,2.00802E+13,http://www.intel.com/opensource/
100,https://arquivo.pt/noFrame/replay/20190930204204/https://appvalley.br.softonic.com/iphone,2.01909E+13,https://appvalley.br.softonic.com/iphone
101,https://arquivo.pt/noFrame/replay/20191016041930/https://virtual-dj-music-mixer.br.softonic.com/android,2.0191E+13,https://virtual-dj-music-mixer.br.softonic.com/android
102,https://arquivo.pt/noFrame/replay/20190327014332/https://appvalley.softonic.com.br/iphone,2.01903E+13,https://appvalley.softonic.com.br/iphone
103,https://arquivo.pt/noFrame/replay/20081021171406/http://www.crie.min-edu.pt/index.php?action=view&id=273&date_id=349&module=calendarmodule&section=9,2.0081E+13,http://www.crie.min-edu.pt/index.php?action=view&id=273&date_id=349&module=calendarmodule&section=9
104,https://arquivo.pt/noFrame/replay/20190327064230/https://virtual-dj-music-mixer.softonic.com.br/android,2.01903E+13,https://virtual-dj-music-mixer.softonic.com.br/android
105,https://arquivo.pt/noFrame/replay/20200602075550/https://virtual-dj-music-mixer.softonic.com.br/android,2.02006E+13,https://virtual-dj-music-mixer.softonic.com.br/android
106,https://arquivo.pt/noFrame/replay/20200103161042/https://appvalley.br.softonic.com/iphone,2.02001E+13,https://appvalley.br.softonic.com/iphone
107,https://arquivo.pt/noFrame/replay/20100805002034/http://softlivre.crie.min-edu.pt/,2.01008E+13,http://softlivre.crie.min-edu.pt/
108,https://arquivo.pt/noFrame/replay/20110523190320/http://pt.wikipedia.org/wiki/Software_livre,2.01105E+13,http://pt.wikipedia.org/wiki/Software_livre
109,https://arquivo.pt/noFrame/replay/20090627094719/http://www.fsf.org/,2.00906E+13,http://www.fsf.org/
110,https://arquivo.pt/noFrame/replay/20091224123032/http://pt.wikipedia.org/wiki/Software_livre,2.00912E+13,http://pt.wikipedia.org/wiki/Software_livre
111,https://arquivo.pt/noFrame/replay/20090925032109/http://softlivre.crie.min-edu.pt/,2.00909E+13,http://softlivre.crie.min-edu.pt/
112,https://arquivo.pt/noFrame/replay/20200103174125/https://virtual-dj-music-mixer.br.softonic.com/android,2.02001E+13,https://virtual-dj-music-mixer.br.softonic.com/android
113,https://arquivo.pt/noFrame/replay/20110126094830/http://www.fsf.org/,2.01101E+13,http://www.fsf.org/
114,https://arquivo.pt/noFrame/replay/20100803151632/http://www.softwarelivre.citiap.gov.pt/,2.01008E+13,http://www.softwarelivre.citiap.gov.pt/
115,https://arquivo.pt/noFrame/replay/20100805002034/http://softwarelivre.sapo.pt/,2.01008E+13,http://softwarelivre.sapo.pt/
116,https://arquivo.pt/noFrame/replay/20120120185912/http://blog.softwarelivre.sapo.pt/,2.01201E+13,http://blog.softwarelivre.sapo.pt/
117,https://arquivo.pt/noFrame/replay/20110120190851/http://blog.softwarelivre.sapo.pt/,2.01101E+13,http://blog.softwarelivre.sapo.pt/
118,https://arquivo.pt/noFrame/replay/20190320055330/http://www.gnu.org/philosophy/free-sw.html,2.01903E+13,http://www.gnu.org/philosophy/free-sw.html
119,https://arquivo.pt/noFrame/replay/20091219082600/http://www.ansol.org/,2.00912E+13,http://www.ansol.org/
120,https://arquivo.pt/noFrame/replay/20200103162602/https://foxit-reader.br.softonic.com/mac,2.02001E+13,https://foxit-reader.br.softonic.com/mac
121,https://arquivo.pt/noFrame/replay/20110121103443/http://softwarelivre.sapo.pt/,2.01101E+13,http://softwarelivre.sapo.pt/
122,https://arquivo.pt/noFrame/replay/20200605001320/http://www.gnu.org/philosophy/free-sw.html,2.02006E+13,http://www.gnu.org/philosophy/free-sw.html
123,https://arquivo.pt/noFrame/replay/20110122191642/http://www.softwarelivre.citiap.gov.pt/,2.01101E+13,http://www.softwarelivre.citiap.gov.pt/
124,https://arquivo.pt/noFrame/replay/20091002224900/http://ansol.org/,2.0091E+13,http://ansol.org/
125,https://arquivo.pt/noFrame/replay/20090525141003/http://www.ansol.org/,2.00905E+13,http://www.ansol.org/
126,https://arquivo.pt/noFrame/replay/20081021171308/http://www.crie.min-edu.pt/index.php?action=view&id=270&date_id=346&module=calendarmodule&section=9,2.0081E+13,http://www.crie.min-edu.pt/index.php?action=view&id=270&date_id=346&module=calendarmodule&section=9
127,https://arquivo.pt/noFrame/replay/20120123114603/http://ansol.org/,2.01201E+13,http://ansol.org/
128,https://arquivo.pt/noFrame/replay/20190402110841/https://brasil.elpais.com/tag/software_libre,2.01904E+13,https://brasil.elpais.com/tag/software_libre
129,https://arquivo.pt/noFrame/replay/20091004012247/http://pt-br.wordpress.com/tag/software-livre/,2.0091E+13,http://pt-br.wordpress.com/tag/software-livre/
130,https://arquivo.pt/noFrame/replay/20190909121028/http://softwarelivre.org/,2.01909E+13,http://softwarelivre.org/
131,https://arquivo.pt/noFrame/replay/20191014044052/https://en.wikipedia.org/wiki/Free_software,2.0191E+13,https://en.wikipedia.org/wiki/Free_software
132,https://arquivo.pt/noFrame/replay/20080219111730/http://plone.org/,2.00802E+13,http://plone.org/
133,https://arquivo.pt/noFrame/replay/20100804074918/http://www.ensinolivre.pt/,2.01008E+13,http://www.ensinolivre.pt/
134,https://arquivo.pt/noFrame/replay/20090630111849/http://www.softwarelivre.org/,2.00906E+13,http://www.softwarelivre.org/
135,https://arquivo.pt/noFrame/replay/20080316105211/http://plone.org/,2.00803E+13,http://plone.org/
136,https://arquivo.pt/noFrame/replay/20190324100237/http://sleducacional.org/,2.01903E+13,http://sleducacional.org/
137,https://arquivo.pt/noFrame/replay/20190324100124/http://softwarelivre.org/,2.01903E+13,http://softwarelivre.org/
138,https://arquivo.pt/noFrame/replay/20160212005721/http://www.ansol.pt/,2.01602E+13,http://www.ansol.pt/
139,https://arquivo.pt/noFrame/replay/20050704184609/http://www.softwarelivre.org/,2.00507E+13,http://www.softwarelivre.org/
140,https://arquivo.pt/noFrame/replay/20050704170221/http://fisl.softwarelivre.org/6.0/,2.00507E+13,http://fisl.softwarelivre.org/6.0/
141,https://arquivo.pt/noFrame/replay/20160211053528/http://www.softwarelivre.gov.pt/,2.01602E+13,http://www.softwarelivre.gov.pt/
142,https://arquivo.pt/noFrame/replay/20180716235209/http://sleducacional.org/,2.01807E+13,http://sleducacional.org/
143,https://arquivo.pt/noFrame/replay/20050704170220/http://fisl.softwarelivre.org/,2.00507E+13,http://fisl.softwarelivre.org/
144,https://arquivo.pt/noFrame/replay/20110121103444/http://softwarelivre.citiap.gov.pt/,2.01101E+13,http://softwarelivre.citiap.gov.pt/
145,https://arquivo.pt/noFrame/replay/20200602055956/https://gmail-go.softonic.com.br/android,2.02006E+13,https://gmail-go.softonic.com.br/android
146,https://arquivo.pt/noFrame/replay/20100805002038/http://softwarelivre.citiap.gov.pt/,2.01008E+13,http://softwarelivre.citiap.gov.pt/
147,https://arquivo.pt/noFrame/replay/20090930071124/http://www.escolaslivres.org/?q=node/11,2.00909E+13,http://www.escolaslivres.org/?q=node/11
148,https://arquivo.pt/noFrame/replay/20150424035616/http://www.softwarelivre.gov.pt/,2.01504E+13,http://www.softwarelivre.gov.pt/
149,https://arquivo.pt/noFrame/replay/20131106213302/http://www.ensinolivre.pt/,2.01311E+13,http://www.ensinolivre.pt/
150,https://arquivo.pt/noFrame/replay/20191206050415/http://confoa.rcaap.pt/2017/,2.01912E+13,http://confoa.rcaap.pt/2017/
151,https://arquivo.pt/noFrame/replay/20200909013416/https://www.gbif.pt/node/506?language=pt-pt,2.02009E+13,https://www.gbif.pt/node/506?language=pt-pt
152,https://arquivo.pt/noFrame/replay/20170801210852/http://confoa.rcaap.pt/2017/,2.01708E+13,http://confoa.rcaap.pt/2017/
153,https://arquivo.pt/noFrame/replay/20200407084603/http://projecto.rcaap.pt/,2.02004E+13,http://projecto.rcaap.pt/
154,https://arquivo.pt/noFrame/replay/20191207085558/http://projecto.rcaap.pt/,2.01912E+13,http://projecto.rcaap.pt/
155,https://arquivo.pt/noFrame/replay/20181013185344/https://www.fct.pt/documentos/PoliticaAcessoAberto_Publicacoes.pdf,2.0181E+13,https://www.fct.pt/documentos/PoliticaAcessoAberto_Publicacoes.pdf
156,https://arquivo.pt/noFrame/replay/20170222193416/https://www.fct.pt/documentos/PoliticaAcessoAberto_Publicacoes.pdf,2.01702E+13,https://www.fct.pt/documentos/PoliticaAcessoAberto_Publicacoes.pdf
157,https://arquivo.pt/noFrame/replay/20190322124918/https://www.rcaap.pt/,2.01903E+13,https://www.rcaap.pt/
158,https://arquivo.pt/noFrame/replay/20200306031343/http://www.gbif.pt/node/17,2.02003E+13,http://www.gbif.pt/node/17
159,https://arquivo.pt/noFrame/replay/20170807060603/http://www.rcaap.pt/%22%20%5Ct%20%22_blank,2.01708E+13,http://www.rcaap.pt/%22%20%5Ct%20%22_blank
160,https://arquivo.pt/noFrame/replay/20090926151809/http://www.umic.pt/index.php?option=com_content&task=view&id=3079&Itemid=212,2.00909E+13,http://www.umic.pt/index.php?option=com_content&task=view&id=3079&Itemid=212
161,https://arquivo.pt/noFrame/replay/20191209011948/http://www.umic.pt/index.php?option=com_content&task=view&id=3079&Itemid=212,2.01912E+13,http://www.umic.pt/index.php?option=com_content&task=view&id=3079&Itemid=212
162,https://arquivo.pt/noFrame/replay/20170302122918/http://siiue.uevora.pt/files/anexo_informacao/34973,2.01703E+13,http://siiue.uevora.pt/files/anexo_informacao/34973
163,https://arquivo.pt/noFrame/replay/20160613172939/http://siiue.uevora.pt/files/anexo_informacao/34973,2.01606E+13,http://siiue.uevora.pt/files/anexo_informacao/34973
164,https://arquivo.pt/noFrame/replay/20170805002155/http://projeto.rcaap.pt/,2.01708E+13,http://projeto.rcaap.pt/
165,https://arquivo.pt/noFrame/replay/20200110154147/https://www.coar-repositories.org/,2.02001E+13,https://www.coar-repositories.org/
166,https://arquivo.pt/noFrame/replay/20171211152417/http://projeto.rcaap.pt/,2.01712E+13,http://projeto.rcaap.pt/
167,https://arquivo.pt/noFrame/replay/20190402173914/https://moodle.fct.unl.pt/pluginfile.php/369275/mod_resource/content/16/index.html,2.01904E+13,https://moodle.fct.unl.pt/pluginfile.php/369275/mod_resource/content/16/index.html
168,https://arquivo.pt/noFrame/replay/20200307134956/https://moodle.fct.unl.pt/pluginfile.php/369275/mod_resource/content/16/index.html,2.02003E+13,https://moodle.fct.unl.pt/pluginfile.php/369275/mod_resource/content/16/index.html
169,https://arquivo.pt/noFrame/replay/20110703083935/http://www.rum.pt/index.php?option=com_conteudo&task=full_item&section=4&item=26200,2.01107E+13,http://www.rum.pt/index.php?option=com_conteudo&task=full_item&section=4&item=26200
170,https://arquivo.pt/noFrame/replay/20170221180024/http://www.acessolivre.pt/semana/,2.01702E+13,http://www.acessolivre.pt/semana/
171,https://arquivo.pt/noFrame/replay/20180719112319/https://www.coar-repositories.org/,2.01807E+13,https://www.coar-repositories.org/
172,https://arquivo.pt/noFrame/replay/20171212201517/http://www.acessoaberto.pt/confoa2012,2.01712E+13,http://www.acessoaberto.pt/confoa2012
173,https://arquivo.pt/noFrame/replay/20160210130642/http://www.acessolivre.pt/semana/,2.01602E+13,http://www.acessolivre.pt/semana/
174,https://arquivo.pt/noFrame/replay/20160210131531/http://www.acessoaberto.pt/c/index.php/confoa2015/c/,2.01602E+13,http://www.acessoaberto.pt/c/index.php/confoa2015/c/
175,https://arquivo.pt/noFrame/replay/20191210095920/https://blog.rcaap.pt/2018/12/19/projeto-rcaap-atribui-premios-de-reconhecimento-no-seu-10o-aniversario/,2.01912E+13,https://blog.rcaap.pt/2018/12/19/projeto-rcaap-atribui-premios-de-reconhecimento-no-seu-10o-aniversario/
176,https://arquivo.pt/noFrame/replay/20160609120921/https://blog.rcaap.pt/2016/05/24/luz-verde-para-o-acesso-aberto-alinhar-politicas-de-acesso-aberto-da-europa/,2.01606E+13,https://blog.rcaap.pt/2016/05/24/luz-verde-para-o-acesso-aberto-alinhar-politicas-de-acesso-aberto-da-europa/
177,https://arquivo.pt/noFrame/replay/20200902224916/http://www.acesso-aberto.pt/?fchange=d,2.02009E+13,http://www.acesso-aberto.pt/?fchange=d
178,https://arquivo.pt/noFrame/replay/20200911222519/http://www.acesso-aberto.pt/index.php?slideshow=4,2.02009E+13,http://www.acesso-aberto.pt/index.php?slideshow=4
179,https://arquivo.pt/noFrame/replay/20200307082550/https://acessocultura.org/acesso-aberto/,2.02003E+13,https://acessocultura.org/acesso-aberto/
180,https://arquivo.pt/noFrame/replay/20190913192934/https://bibliosubject.iscte-iul.pt/sp4/subjects/guide.php?subject=acessoaberto,2.01909E+13,https://bibliosubject.iscte-iul.pt/sp4/subjects/guide.php?subject=acessoaberto
181,https://arquivo.pt/noFrame/replay/20190522135335/http://www.jusgov.uminho.pt/pt-pt/publications/acesso-aberto/,2.01905E+13,http://www.jusgov.uminho.pt/pt-pt/publications/acesso-aberto/
182,https://arquivo.pt/noFrame/replay/20191116200548/https://www.b-on.pt/acesso-aberto/,2.01911E+13,https://www.b-on.pt/acesso-aberto/
183,https://arquivo.pt/noFrame/replay/20170606111842/https://www/eventos/8a-conferencia-luso-brasileira-de-acesso-aberto-confoa/,2.01706E+13,https://www/eventos/8a-conferencia-luso-brasileira-de-acesso-aberto-confoa/
184,https://arquivo.pt/noFrame/replay/20170621081331/https://www.fccn.pt/eventos/8a-conferencia-luso-brasileira-de-acesso-aberto-confoa/,2.01706E+13,https://www.fccn.pt/eventos/8a-conferencia-luso-brasileira-de-acesso-aberto-confoa/
185,https://arquivo.pt/noFrame/replay/20191106041923/https://www.elsevier.com/pt-br/about/open-science/open-access,2.01911E+13,https://www.elsevier.com/pt-br/about/open-science/open-access
186,https://arquivo.pt/noFrame/replay/20091005114044/http://extralibris.org/tag/acesso-aberto/,2.0091E+13,http://extralibris.org/tag/acesso-aberto/
187,https://arquivo.pt/noFrame/replay/20160531174340/http://cd.ispa.pt/pagina/acesso-aberto,2.01605E+13,http://cd.ispa.pt/pagina/acesso-aberto
188,https://arquivo.pt/noFrame/replay/20190911161020/http://www.acessoaberto.usp.br/,2.01909E+13,http://www.acessoaberto.usp.br/
189,https://arquivo.pt/noFrame/replay/20140924190415/http://blog.rcgoncalves.pt/tag/acesso-aberto/,2.01409E+13,http://blog.rcgoncalves.pt/tag/acesso-aberto/
190,https://arquivo.pt/noFrame/replay/20191104201228/https://pt.wikipedia.org/wiki/Acesso_aberto,2.01911E+13,https://pt.wikipedia.org/wiki/Acesso_aberto
191,https://arquivo.pt/noFrame/replay/20170606112104/https://www/wp-json/oembed/1.0/embed?url=https%3A%2F%2Fwww%2Feventos%2F8a-conferencia-luso-brasileira-de-acesso-aberto-confoa%2F&format=xml,2.01706E+13,https://www/wp-json/oembed/1.0/embed?url=https%3A%2F%2Fwww%2Feventos%2F8a-conferencia-luso-brasileira-de-acesso-aberto-confoa%2F&format=xml
192,https://arquivo.pt/noFrame/replay/20120928215227/http://www.computerworld.com.pt/tag/acesso-aberto/feed/,2.01209E+13,http://www.computerworld.com.pt/tag/acesso-aberto/feed/
193,https://arquivo.pt/noFrame/replay/20120929194026/http://www.computerworld.com.pt/tag/acesso-aberto/feed/,2.01209E+13,http://www.computerworld.com.pt/tag/acesso-aberto/feed/
194,https://arquivo.pt/noFrame/replay/20080314194920/http://www.ibict.br/alemplus/,2.00803E+13,http://www.ibict.br/alemplus/
195,https://arquivo.pt/noFrame/replay/20160530172031/http://alfinete2008.blogspot.pt/search/label/acesso%20aberto?updated-max/x3d2011-04-18T23:45:00-07:00/x26max-results/x3d20/x26start/x3d20/x26by-date/x3dfalse,2.01605E+13,http://alfinete2008.blogspot.pt/search/label/acesso%20aberto?updated-max/x3d2011-04-18T23:45:00-07:00/x26max-results/x3d20/x26start/x3d20/x26by-date/x3dfalse
196,https://arquivo.pt/noFrame/replay/20170217161126/http://alfinete2008.blogspot.pt/search/label/acesso%20aberto?updated-max=2011-04-19T07:45:00%2B01:00&max-results=20&start=20&by-date=false,2.01702E+13,http://alfinete2008.blogspot.pt/search/label/acesso%20aberto?updated-max=2011-04-19T07:45:00%2B01:00&max-results=20&start=20&by-date=false
197,https://arquivo.pt/noFrame/replay/20170621082056/https://www.fccn.pt/wp-json/oembed/1.0/embed?url=https%3A%2F%2Fwww.fccn.pt%2Feventos%2F8a-conferencia-luso-brasileira-de-acesso-aberto-confoa%2F&format=xml,2.01706E+13,https://www.fccn.pt/wp-json/oembed/1.0/embed?url=https%3A%2F%2Fwww.fccn.pt%2Feventos%2F8a-conferencia-luso-brasileira-de-acesso-aberto-confoa%2F&format=xml
198,https://arquivo.pt/noFrame/replay/20091003205153/http://arsphysica.wordpress.com/tag/acesso-aberto/,2.0091E+13,http://arsphysica.wordpress.com/tag/acesso-aberto/
199,https://arquivo.pt/noFrame/replay/20190201191613/https://www.biblioteca.fct.unl.pt/sites/www.biblioteca.fct.unl.pt/files/documents/pdf/formacao/Tudo%20o%20que%20precisa%20saber%20sobre%20Acesso%20Aberto%20em%2030%20minutos.pdf,2.01902E+13,https://www.biblioteca.fct.unl.pt/sites/www.biblioteca.fct.unl.pt/files/documents/pdf/formacao/Tudo%20o%20que%20precisa%20saber%20sobre%20Acesso%20Aberto%20em%2030%20minutos.pdf
200,https://arquivo.pt/noFrame/replay/20141122140526/http://www.softfree.eu/italiano/linux.php,2.01411E+13,http://www.softfree.eu/italiano/linux.php
201,https://arquivo.pt/noFrame/replay/20141122134921/http://www.softfree.eu/english/linux.php,2.01411E+13,http://www.softfree.eu/english/linux.php
202,https://arquivo.pt/noFrame/replay/20170605104001/http://www.parallels.com/products/desktop/pd4wl/intro,2.01706E+13,http://www.parallels.com/products/desktop/pd4wl/intro
203,https://arquivo.pt/noFrame/replay/20090926145632/http://www.root.cz/,2.00909E+13,http://www.root.cz/
204,https://arquivo.pt/noFrame/replay/20160108214743/http://tutorial.mastertopforum.eu/,2.01601E+13,http://tutorial.mastertopforum.eu/
205,https://arquivo.pt/noFrame/replay/20090625073209/http://www.netbenefit.com/netbenefit/Managed+Hosting/Dedicated+servers/Linux+hosting,2.00906E+13,http://www.netbenefit.com/netbenefit/Managed+Hosting/Dedicated+servers/Linux+hosting
206,https://arquivo.pt/noFrame/replay/20170210022319/http://www.linux.org/,2.01702E+13,http://www.linux.org/
207,https://arquivo.pt/noFrame/replay/20191007004708/https://www.crazydomains.com/virtual-servers/,2.0191E+13,https://www.crazydomains.com/virtual-servers/
208,https://arquivo.pt/noFrame/replay/20170603110653/http://tutorial.mastertopforum.eu/,2.01706E+13,http://tutorial.mastertopforum.eu/
209,https://arquivo.pt/noFrame/replay/20090629005602/http://www.linux.org/,2.00906E+13,http://www.linux.org/
210,https://arquivo.pt/noFrame/replay/20090719101451/http://linuxtoday.com/,2.00907E+13,http://linuxtoday.com/
211,https://arquivo.pt/noFrame/replay/20091008043920/http://linuxtoday.com/,2.0091E+13,http://linuxtoday.com/
212,https://arquivo.pt/noFrame/replay/20170606103239/http://tutorial.forumagic.com/,2.01706E+13,http://tutorial.forumagic.com/
213,https://arquivo.pt/noFrame/replay/20100808222257/http://www.linux.com/,2.01008E+13,http://www.linux.com/
214,https://arquivo.pt/noFrame/replay/20191222030412/https://www.crazydomains.com/virtual-servers/,2.01912E+13,https://www.crazydomains.com/virtual-servers/
215,https://arquivo.pt/noFrame/replay/20200507094157/http://www.tldp.org/,2.02005E+13,http://www.tldp.org/
216,https://arquivo.pt/noFrame/replay/20200605085208/http://www.tldp.org/,2.02006E+13,http://www.tldp.org/
217,https://arquivo.pt/noFrame/replay/20090625074314/http://www.netbenefit.com/netbenefit/Managed-Hosting/Managed-hosting-services/Backup-service,2.00906E+13,http://www.netbenefit.com/netbenefit/Managed-Hosting/Managed-hosting-services/Backup-service
218,https://arquivo.pt/noFrame/replay/20090707092850/http://www.linux.com/,2.00907E+13,http://www.linux.com/
219,https://arquivo.pt/noFrame/replay/20141123004858/http://tibiaclient.otslist.eu/download/tibia860.tar,2.01411E+13,http://tibiaclient.otslist.eu/download/tibia860.tar
220,https://arquivo.pt/noFrame/replay/20160108003950/http://tibiaclient.otslist.eu/download/tibia860.tar,2.01601E+13,http://tibiaclient.otslist.eu/download/tibia860.tar
221,https://arquivo.pt/noFrame/replay/20180721144207/https://linux-hub.softonic.pl/pwa,2.01807E+13,https://linux-hub.softonic.pl/pwa
222,https://arquivo.pt/noFrame/replay/20191225091813/https://linux.softpedia.com/,2.01912E+13,https://linux.softpedia.com/
223,https://arquivo.pt/noFrame/replay/20091006221746/http://br-linux.org/,2.0091E+13,http://br-linux.org/
224,https://arquivo.pt/noFrame/replay/20180415035355/http://tldp.org/,2.01804E+13,http://tldp.org/
225,https://arquivo.pt/noFrame/replay/20180721144207/https://linux-hub.en.softonic.com/pwa,2.01807E+13,https://linux-hub.en.softonic.com/pwa
226,https://arquivo.pt/noFrame/replay/20200307054004/http://tldp.org/,2.02003E+13,http://tldp.org/
227,https://arquivo.pt/noFrame/replay/20120122164249/http://pt.wikipedia.org/wiki/Linux,2.01201E+13,http://pt.wikipedia.org/wiki/Linux
228,https://arquivo.pt/noFrame/replay/20200930145429/https://linux.softpedia.com/,2.02009E+13,https://linux.softpedia.com/
229,https://arquivo.pt/noFrame/replay/20180718092802/https://linux-hub.softonic.com.br/pwa,2.01807E+13,https://linux-hub.softonic.com.br/pwa
230,https://arquivo.pt/noFrame/replay/20100804031114/http://pt.wikipedia.org/wiki/Linux,2.01008E+13,http://pt.wikipedia.org/wiki/Linux
231,https://arquivo.pt/noFrame/replay/20160621124611/http://br-linux.org/,2.01606E+13,http://br-linux.org/
232,https://arquivo.pt/noFrame/replay/20091003024100/http://en.wikipedia.org/wiki/Linux,2.0091E+13,http://en.wikipedia.org/wiki/Linux
233,https://arquivo.pt/noFrame/replay/20191105114534/https://fr.wikipedia.org/wiki/Linux,2.01911E+13,https://fr.wikipedia.org/wiki/Linux
234,https://arquivo.pt/noFrame/replay/20191210081502/https://www.linuxfoundation.org/,2.01912E+13,https://www.linuxfoundation.org/
235,https://arquivo.pt/noFrame/replay/20180408164421/http://www.linuxjournal.com/,2.01804E+13,http://www.linuxjournal.com/
236,https://arquivo.pt/noFrame/replay/20110705014133/http://www.linuxjournal.com/,2.01107E+13,http://www.linuxjournal.com/
237,https://arquivo.pt/noFrame/replay/20190907214820/https://www.linuxfoundation.org/,2.01909E+13,https://www.linuxfoundation.org/
238,https://arquivo.pt/noFrame/replay/20091225032309/http://www.linux-foundation.org/,2.00912E+13,http://www.linux-foundation.org/
239,https://arquivo.pt/noFrame/replay/20191105135250/https://it.wikipedia.org/wiki/Linux,2.01911E+13,https://it.wikipedia.org/wiki/Linux
240,https://arquivo.pt/noFrame/replay/20191104210421/https://nl.wikipedia.org/wiki/Linux,2.01911E+13,https://nl.wikipedia.org/wiki/Linux
241,https://arquivo.pt/noFrame/replay/20191105143030/https://ja.wikipedia.org/wiki/Linux,2.01911E+13,https://ja.wikipedia.org/wiki/Linux
242,https://arquivo.pt/noFrame/replay/20190325013836/https://www.crazydomains.com.au/virtual-servers/,2.01903E+13,https://www.crazydomains.com.au/virtual-servers/
243,https://arquivo.pt/noFrame/replay/20200313130620/http://tuxmobil.org/,2.02003E+13,http://tuxmobil.org/
244,https://arquivo.pt/noFrame/replay/20200313134050/http://pocket-linux.sourceforge.net/,2.02003E+13,http://pocket-linux.sourceforge.net/
245,https://arquivo.pt/noFrame/replay/20200612025229/http://pocket-linux.sourceforge.net/,2.02006E+13,http://pocket-linux.sourceforge.net/
246,https://arquivo.pt/noFrame/replay/20200612022352/http://tuxmobil.org/,2.02006E+13,http://tuxmobil.org/
247,https://arquivo.pt/noFrame/replay/20180408235922/http://www.bastille-linux.org/,2.01804E+13,http://www.bastille-linux.org/
248,https://arquivo.pt/noFrame/replay/20080316072708/http://www.revista-linux.com/,2.00803E+13,http://www.revista-linux.com/
249,https://arquivo.pt/noFrame/replay/20090930200107/http://en.wikipedia.org/wiki/Linux,2.00909E+13,http://en.wikipedia.org/wiki/Linux
250,https://arquivo.pt/noFrame/replay/20170211090018/http://www.unix.org/,2.01702E+13,http://www.unix.org/
251,https://arquivo.pt/noFrame/replay/20180412001906/http://www.unix.org/,2.01804E+13,http://www.unix.org/
252,https://arquivo.pt/noFrame/replay/20191115192104/https://searchdatacenter.techtarget.com/definition/Unix,2.01911E+13,https://searchdatacenter.techtarget.com/definition/Unix
253,https://arquivo.pt/noFrame/replay/20090521194036/http://en.wikipedia.org/wiki/Unix,2.00905E+13,http://en.wikipedia.org/wiki/Unix
254,https://arquivo.pt/noFrame/replay/20110522125235/http://en.wikipedia.org/wiki/Unix,2.01105E+13,http://en.wikipedia.org/wiki/Unix
255,https://arquivo.pt/noFrame/replay/20081023044803/http://europe.itrc.hp.com/,2.0081E+13,http://europe.itrc.hp.com/
256,https://arquivo.pt/noFrame/replay/20100601000500/http://pt.wikipedia.org/wiki/UNIX,2.01006E+13,http://pt.wikipedia.org/wiki/UNIX
257,https://arquivo.pt/noFrame/replay/20090710153249/http://updates.zdnet.com/tags/UNIX.html,2.00907E+13,http://updates.zdnet.com/tags/UNIX.html
258,https://arquivo.pt/noFrame/replay/20110125140126/http://pt.wikipedia.org/wiki/Unix,2.01101E+13,http://pt.wikipedia.org/wiki/Unix
259,https://arquivo.pt/noFrame/replay/20091223103350/http://europe.itrc.hp.com/?LANGUAGE_OPTION=english,2.00912E+13,http://europe.itrc.hp.com/?LANGUAGE_OPTION=english
260,https://arquivo.pt/noFrame/replay/20080315144252/http://www.research.microsoft.com/~daniel/preface.html,2.00803E+13,http://www.research.microsoft.com/~daniel/preface.html
261,https://arquivo.pt/noFrame/replay/20200307062132/http://www.tldp.org/HOWTO/Unix-Hardware-Buyer-HOWTO/,2.02003E+13,http://www.tldp.org/HOWTO/Unix-Hardware-Buyer-HOWTO/
262,https://arquivo.pt/noFrame/replay/20091227145101/http://h30097.www3.hp.com/,2.00912E+13,http://h30097.www3.hp.com/
263,https://arquivo.pt/noFrame/replay/20081026084608/http://www.unix-systems.org/online.html,2.0081E+13,http://www.unix-systems.org/online.html
264,https://arquivo.pt/noFrame/replay/20080316135250/http://java-unix.en.softonic.com/palm,2.00803E+13,http://java-unix.en.softonic.com/palm
265,https://arquivo.pt/noFrame/replay/20200110191318/http://www.ibiblio.org/gferg/ldp/GCC-Inline-Assembly-HOWTO.html,2.02001E+13,http://www.ibiblio.org/gferg/ldp/GCC-Inline-Assembly-HOWTO.html
266,https://arquivo.pt/noFrame/replay/20200307061914/http://www.tldp.org/HOWTO/Unix-and-Internet-Fundamentals-HOWTO/index.html,2.02003E+13,http://www.tldp.org/HOWTO/Unix-and-Internet-Fundamentals-HOWTO/index.html
267,https://arquivo.pt/noFrame/replay/20180718091857/https://iceclean.softonic.com.br/mac,2.01807E+13,https://iceclean.softonic.com.br/mac
268,https://arquivo.pt/noFrame/replay/20191210110753/http://www.rdesktop.org/,2.01912E+13,http://www.rdesktop.org/
269,https://arquivo.pt/noFrame/replay/20170603112314/http://unixtimestamp.50x.eu/,2.01706E+13,http://unixtimestamp.50x.eu/
270,https://arquivo.pt/noFrame/replay/20091227144924/http://h30097.www3.hp.com/tools.html,2.00912E+13,http://h30097.www3.hp.com/tools.html
271,https://arquivo.pt/noFrame/replay/20090708072100/http://www.onlamp.com/pub/a/apache/2000/02/24/installing_apache.html,2.00907E+13,http://www.onlamp.com/pub/a/apache/2000/02/24/installing_apache.html
272,https://arquivo.pt/noFrame/replay/20080315174109/http://register.parallels.com/login.php?redirect_page=sitebuilder2,2.00803E+13,http://register.parallels.com/login.php?redirect_page=sitebuilder2
273,https://arquivo.pt/noFrame/replay/20080315173727/http://register.parallels.com/login.php?redirect_page=sitebuilder4,2.00803E+13,http://register.parallels.com/login.php?redirect_page=sitebuilder4
274,https://arquivo.pt/noFrame/replay/20090706134304/http://www.unixreview.com/,2.00907E+13,http://www.unixreview.com/
275,https://arquivo.pt/noFrame/replay/20080314205922/http://cp.dominios.pt/psoft/servlet/psoft.hsphere.CP?action=signup&plan_id=7028&signup=yes&_eul_accept=1&template_name=submit/signup/eul.sbm,2.00803E+13,http://cp.dominios.pt/psoft/servlet/psoft.hsphere.CP?action=signup&plan_id=7028&signup=yes&_eul_accept=1&template_name=submit/signup/eul.sbm
276,https://arquivo.pt/noFrame/replay/20080314205959/http://cp.dominios.pt/psoft/servlet/psoft.hsphere.CP?action=signup&plan_id=7031&signup=yes&_eul_accept=1&template_name=submit/signup/eul.sbm,2.00803E+13,http://cp.dominios.pt/psoft/servlet/psoft.hsphere.CP?action=signup&plan_id=7031&signup=yes&_eul_accept=1&template_name=submit/signup/eul.sbm
277,https://arquivo.pt/noFrame/replay/20170221121807/http://unix.admin.cidadevirtual.pt/,2.01702E+13,http://unix.admin.cidadevirtual.pt/
278,https://arquivo.pt/noFrame/replay/20180418153341/https://commons.wikimedia.org/wiki/Category:Unix,2.01804E+13,https://commons.wikimedia.org/wiki/Category:Unix
279,https://arquivo.pt/noFrame/replay/20180721143140/https://iceclean.fr.softonic.com/mac,2.01807E+13,https://iceclean.fr.softonic.com/mac
280,https://arquivo.pt/noFrame/replay/20081023173455/http://www.fujitsu-siemens.com/products/unix_servers/index.html,2.0081E+13,http://www.fujitsu-siemens.com/products/unix_servers/index.html
281,https://arquivo.pt/noFrame/replay/20110122102636/http://unix.rulez.org/~calver/pictures/bunny_suicides/0370tx.jpg,2.01101E+13,http://unix.rulez.org/~calver/pictures/bunny_suicides/0370tx.jpg
282,https://arquivo.pt/noFrame/replay/20080222213446/http://www.hp.com/products1/unixserverconnectivity/index.html,2.00802E+13,http://www.hp.com/products1/unixserverconnectivity/index.html
283,https://arquivo.pt/noFrame/replay/20090629220513/http://www.nvidia.com/object/unix.html,2.00906E+13,http://www.nvidia.com/object/unix.html
284,https://arquivo.pt/noFrame/replay/20100804233312/http://unix.rulez.org/~calver/pictures/bunny_suicides/0370tx.jpg,2.01008E+13,http://unix.rulez.org/~calver/pictures/bunny_suicides/0370tx.jpg
285,https://arquivo.pt/noFrame/replay/20080315162827/http://kbase.gfi.com/showarticle.asp?id=KBID002173,2.00803E+13,http://kbase.gfi.com/showarticle.asp?id=KBID002173
286,https://arquivo.pt/noFrame/replay/20090923165159/http://www.ostc.de/howtos/unix-backup-HOWTO.pdf,2.00909E+13,http://www.ostc.de/howtos/unix-backup-HOWTO.pdf
287,https://arquivo.pt/noFrame/replay/20131106094202/http://unix.admin.cidadevirtual.pt/,2.01311E+13,http://unix.admin.cidadevirtual.pt/
288,https://arquivo.pt/noFrame/replay/20170608192148/http://www.unix.com/,2.01706E+13,http://www.unix.com/
289,https://arquivo.pt/noFrame/replay/20091226152130/http://ts.fujitsu.com/products/unix_servers/index.html,2.00912E+13,http://ts.fujitsu.com/products/unix_servers/index.html
290,https://arquivo.pt/noFrame/replay/20120715042109/http://www.computerworld.com.pt/tag/unix/,2.01207E+13,http://www.computerworld.com.pt/tag/unix/
291,https://arquivo.pt/noFrame/replay/20110709045930/http://unix.wmonline.com.br/psp/tutoriais/Layers/index.html,2.01107E+13,http://unix.wmonline.com.br/psp/tutoriais/Layers/index.html
292,https://arquivo.pt/noFrame/replay/20090725034127/http://www.101webhosting.com/,2.00907E+13,http://www.101webhosting.com/
293,https://arquivo.pt/noFrame/replay/20131008052403/http://www.computerworld.com.pt/tag/unix/,2.0131E+13,http://www.computerworld.com.pt/tag/unix/
294,https://arquivo.pt/noFrame/replay/20091003111951/http://www.nvidia.com/object/unix.html,2.0091E+13,http://www.nvidia.com/object/unix.html
295,https://arquivo.pt/noFrame/replay/20050523235659/http://unix.no.sapo.pt/,2.00505E+13,http://unix.no.sapo.pt/
296,https://arquivo.pt/noFrame/replay/20090725034127/http://www.101webhosting.org/,2.00907E+13,http://www.101webhosting.org/
297,https://arquivo.pt/noFrame/replay/20110703125416/http://aeiou.exameinformatica.pt/morreu-robert-morris-um-dos-criadores-do-unix=f1009906,2.01107E+13,http://aeiou.exameinformatica.pt/morreu-robert-morris-um-dos-criadores-do-unix=f1009906
298,https://arquivo.pt/noFrame/replay/20190606192022/https://az.wikipedia.org/wiki/Unix,2.01906E+13,https://az.wikipedia.org/wiki/Unix
299,https://arquivo.pt/noFrame/replay/20190606191854/https://bs.wikipedia.org/wiki/UNIX,2.01906E+13,https://bs.wikipedia.org/wiki/UNIX
300,https://arquivo.pt/noFrame/replay/20170217215205/http://a-informacao.blogspot.pt/search/label/c%C3%B3digo%20aberto?updated-max=2008-06-16T00:25:00%2B01:00&max-results=20&start=20&by-date=false,2.01702E+13,http://a-informacao.blogspot.pt/search/label/c%C3%B3digo%20aberto?updated-max=2008-06-16T00:25:00%2B01:00&max-results=20&start=20&by-date=false
301,https://arquivo.pt/noFrame/replay/20160514191247/https://gl.wikipedia.org/wiki/Open_Source,2.01605E+13,https://gl.wikipedia.org/wiki/Open_Source
302,https://arquivo.pt/noFrame/replay/20160515131846/https://gl.wikipedia.org/wiki/Software_de_c%C3%B3digo_aberto,2.01605E+13,https://gl.wikipedia.org/wiki/Software_de_c%C3%B3digo_aberto
303,https://arquivo.pt/noFrame/replay/20181116171147/http://a-informacao.blogspot.com/search/label/c%C3%B3digo%20aberto?updated-max=2008-06-16T00:25:00%2B01:00&max-results=20&start=20&by-date=false,2.01811E+13,http://a-informacao.blogspot.com/search/label/c%C3%B3digo%20aberto?updated-max=2008-06-16T00:25:00%2B01:00&max-results=20&start=20&by-date=false
304,https://arquivo.pt/noFrame/replay/20131114235536/http://a-informacao.blogspot.pt/search/label/c%C3%B3digo%20aberto?updated-max/0752008-06-15T16:25:00-07:00/46max-results/07520/46start/0751/46by-date/75false,2.01311E+13,http://a-informacao.blogspot.pt/search/label/c%C3%B3digo%20aberto?updated-max/0752008-06-15T16:25:00-07:00/46max-results/07520/46start/0751/46by-date/75false
305,https://arquivo.pt/noFrame/replay/20100804004702/http://semordem.blogspot.com/2008/02/cdigo-aberto.html,2.01008E+13,http://semordem.blogspot.com/2008/02/cdigo-aberto.html
306,https://arquivo.pt/noFrame/replay/20191104201131/https://pt.m.wikipedia.org/wiki/Software_de_c%C3%B3digo_aberto,2.01911E+13,https://pt.m.wikipedia.org/wiki/Software_de_c%C3%B3digo_aberto
307,https://arquivo.pt/noFrame/replay/20191104151751/https://gl.m.wikipedia.org/wiki/Software_de_c%C3%B3digo_aberto,2.01911E+13,https://gl.m.wikipedia.org/wiki/Software_de_c%C3%B3digo_aberto
308,https://arquivo.pt/noFrame/replay/20140902194204/http://www.cienciahoje.pt/index.php?oid=59192&op=all,2.01409E+13,http://www.cienciahoje.pt/index.php?oid=59192&op=all
309,https://arquivo.pt/noFrame/replay/20140905043245/http://www.cienciahoje.pt/index.php?oid=59192&op=all,2.01409E+13,http://www.cienciahoje.pt/index.php?oid=59192&op=all
310,https://arquivo.pt/noFrame/replay/20200101164513/https://www.radio.pl/p/codigoaberto,2.02001E+13,https://www.radio.pl/p/codigoaberto
311,https://arquivo.pt/noFrame/replay/20151014222025/http://expresso.sapo.pt/palavra/arquivo/programas%20inform%C3%A1ticos%20de%20c%C3%B3digo%20aberto,2.0151E+13,http://expresso.sapo.pt/palavra/arquivo/programas%20inform%C3%A1ticos%20de%20c%C3%B3digo%20aberto
312,https://arquivo.pt/noFrame/replay/20080212122925/http://caca.com.pt/,2.00802E+13,http://caca.com.pt/
313,https://arquivo.pt/noFrame/replay/20200326154503/https://www.radio.pl/p/codigoaberto,2.02003E+13,https://www.radio.pl/p/codigoaberto
314,https://arquivo.pt/noFrame/replay/20140907131741/http://blogdovicente.com/tag/codigo-aberto/,2.01409E+13,http://blogdovicente.com/tag/codigo-aberto/
315,https://arquivo.pt/noFrame/replay/20150830225523/http://galeriaphotomaton.blogspot.pt/search/label/C%C3%B3digo%20Aberto,2.01508E+13,http://galeriaphotomaton.blogspot.pt/search/label/C%C3%B3digo%20Aberto
316,https://arquivo.pt/noFrame/replay/20190624075215/https://www.odoo.com/pt_BR/,2.01906E+13,https://www.odoo.com/pt_BR/
317,https://arquivo.pt/noFrame/replay/20050623165827/http://www.descobre.com/digital/archive.php/o_t__t_136__a-revoluo-do-cdigo-aberto.html,2.00506E+13,http://www.descobre.com/digital/archive.php/o_t__t_136__a-revoluo-do-cdigo-aberto.html
318,https://arquivo.pt/noFrame/replay/20080312011505/http://www.caca.com.pt/,2.00803E+13,http://www.caca.com.pt/
319,https://arquivo.pt/noFrame/replay/20100616120652/http://cms.socialdigital.pt/node/14,2.01006E+13,http://cms.socialdigital.pt/node/14
320,https://arquivo.pt/noFrame/replay/20190326231804/https://sempreupdate.com.br/licoes-aprendidas-com-codigo-aberto/,2.01903E+13,https://sempreupdate.com.br/licoes-aprendidas-com-codigo-aberto/
321,https://arquivo.pt/noFrame/replay/20191105130307/https://www.meetup.com/pt-BR/topics/opensource/es/,2.01911E+13,https://www.meetup.com/pt-BR/topics/opensource/es/
322,https://arquivo.pt/noFrame/replay/20191105122148/https://www.meetup.com/pt-BR/topics/opensource/au/,2.01911E+13,https://www.meetup.com/pt-BR/topics/opensource/au/
323,https://arquivo.pt/noFrame/replay/20081021155644/http://www.caca.com.pt/,2.0081E+13,http://www.caca.com.pt/
324,https://arquivo.pt/noFrame/replay/20121109022941/http://www.computerworld.com.pt/2005/07/13/ibm-compra-startup-de-cdigo-aberto/,2.01211E+13,http://www.computerworld.com.pt/2005/07/13/ibm-compra-startup-de-cdigo-aberto/
325,https://arquivo.pt/noFrame/replay/20121109023013/http://www.computerworld.com.pt/2007/05/09/adobe-disponibiliza-flex-em-cdigo-aberto/,2.01211E+13,http://www.computerworld.com.pt/2007/05/09/adobe-disponibiliza-flex-em-cdigo-aberto/
326,https://arquivo.pt/noFrame/replay/20191104201051/https://pt.m.wikipedia.org/wiki/Software_livre_e_de_c%C3%B3digo_aberto,2.01911E+13,https://pt.m.wikipedia.org/wiki/Software_livre_e_de_c%C3%B3digo_aberto
327,https://arquivo.pt/noFrame/replay/20090624120035/http://www.programaslivres.net/2007/12/20/comida-de-codigo-aberto/,2.00906E+13,http://www.programaslivres.net/2007/12/20/comida-de-codigo-aberto/
328,https://arquivo.pt/noFrame/replay/20151206020408/http://www.pcguia.pt/2015/12/swift-disponivel-em-codigo-aberto/,2.01512E+13,http://www.pcguia.pt/2015/12/swift-disponivel-em-codigo-aberto/
329,https://arquivo.pt/noFrame/replay/20151207020756/http://www.pcguia.pt/2015/12/swift-disponivel-em-codigo-aberto/,2.01512E+13,http://www.pcguia.pt/2015/12/swift-disponivel-em-codigo-aberto/
330,https://arquivo.pt/noFrame/replay/20200304205952/http://casa-viva.blogspot.com/search/label/c%C3%B3digo%20aberto,2.02003E+13,http://casa-viva.blogspot.com/search/label/c%C3%B3digo%20aberto
331,https://arquivo.pt/noFrame/replay/20200416223358/https://www.projectopenair.org/open-source-ventilator.php,2.02004E+13,https://www.projectopenair.org/open-source-ventilator.php
332,https://arquivo.pt/noFrame/replay/20140806024746/http://exameinformatica.sapo.pt/noticias/software/2011-12-12-webos-passa-a-ter-codigo-aberto,2.01408E+13,http://exameinformatica.sapo.pt/noticias/software/2011-12-12-webos-passa-a-ter-codigo-aberto
333,https://arquivo.pt/noFrame/replay/20140803023140/http://exameinformatica.sapo.pt/noticias/software/2011-12-12-webos-passa-a-ter-codigo-aberto,2.01408E+13,http://exameinformatica.sapo.pt/noticias/software/2011-12-12-webos-passa-a-ter-codigo-aberto
334,https://arquivo.pt/noFrame/replay/20011109114141/http://www.terravista.pt/mussulo/5861/downdoc.html,2.00111E+13,http://www.terravista.pt/mussulo/5861/downdoc.html
335,https://arquivo.pt/noFrame/replay/20150505022129/http://www.codigoaberto.pt/,2.01505E+13,http://www.codigoaberto.pt/
336,https://arquivo.pt/noFrame/replay/20200101164513/https://www.radio.se/p/codigoaberto,2.02001E+13,https://www.radio.se/p/codigoaberto
337,https://arquivo.pt/noFrame/replay/20200101164513/https://www.radio.at/p/codigoaberto,2.02001E+13,https://www.radio.at/p/codigoaberto
338,https://arquivo.pt/noFrame/replay/20200101164513/https://www.radio.de/p/codigoaberto,2.02001E+13,https://www.radio.de/p/codigoaberto
339,https://arquivo.pt/noFrame/replay/20200101164521/https://www.radio.dk/p/codigoaberto,2.02001E+13,https://www.radio.dk/p/codigoaberto
340,https://arquivo.pt/noFrame/replay/20200101164513/https://br.radio.net/p/codigoaberto,2.02001E+13,https://br.radio.net/p/codigoaberto
341,https://arquivo.pt/noFrame/replay/20191220003021/https://www.radio.pt/p/codigoaberto,2.01912E+13,https://www.radio.pt/p/codigoaberto
342,https://arquivo.pt/noFrame/replay/20150427041411/http://www.dolibarr.pt/,2.01504E+13,http://www.dolibarr.pt/
343,https://arquivo.pt/noFrame/replay/20200101164513/https://www.radio.fr/p/codigoaberto,2.02001E+13,https://www.radio.fr/p/codigoaberto
344,https://arquivo.pt/noFrame/replay/20191006105531/https://www.radio.at/p/codigoaberto,2.0191E+13,https://www.radio.at/p/codigoaberto
345,https://arquivo.pt/noFrame/replay/20191006105531/https://www.radio.dk/p/codigoaberto,2.0191E+13,https://www.radio.dk/p/codigoaberto
346,https://arquivo.pt/noFrame/replay/20190908124921/https://www.radio.de/p/codigoaberto,2.01909E+13,https://www.radio.de/p/codigoaberto
347,https://arquivo.pt/noFrame/replay/20191006105531/https://br.radio.net/p/codigoaberto,2.0191E+13,https://br.radio.net/p/codigoaberto
348,https://arquivo.pt/noFrame/replay/20190906235711/https://www.radio.pt/p/codigoaberto,2.01909E+13,https://www.radio.pt/p/codigoaberto
349,https://arquivo.pt/noFrame/replay/20200326154346/https://www.radio.se/p/codigoaberto,2.02003E+13,https://www.radio.se/p/codigoaberto
350,https://arquivo.pt/noFrame/replay/20091223052327/http://developers.facebook.com/opensource.php,2.00912E+13,http://developers.facebook.com/opensource.php
351,https://arquivo.pt/noFrame/replay/20090924225112/http://www.packtpub.com/award,2.00909E+13,http://www.packtpub.com/award
352,https://arquivo.pt/noFrame/replay/20160621212952/http://opensourcematters.org/,2.01606E+13,http://opensourcematters.org/
353,https://arquivo.pt/noFrame/replay/20190915130422/http://www.oswd.org/,2.01909E+13,http://www.oswd.org/
354,https://arquivo.pt/noFrame/replay/20200307055802/http://www.opendocspublishing.com/,2.02003E+13,http://www.opendocspublishing.com/
355,https://arquivo.pt/noFrame/replay/20170606042030/http://opensource.org/,2.01706E+13,http://opensource.org/
356,https://arquivo.pt/noFrame/replay/20120122092947/http://www.esop.pt/,2.01201E+13,http://www.esop.pt/
357,https://arquivo.pt/noFrame/replay/20090722070229/http://www.dwheeler.com/oss_fs_why.html,2.00907E+13,http://www.dwheeler.com/oss_fs_why.html
358,https://arquivo.pt/noFrame/replay/20090921114454/http://www.dblog.it/,2.00909E+13,http://www.dblog.it/
359,https://arquivo.pt/noFrame/replay/20110702073256/http://www.esop.pt/,2.01107E+13,http://www.esop.pt/
360,https://arquivo.pt/noFrame/replay/20170608184218/http://open-source.smile.fr/,2.01706E+13,http://open-source.smile.fr/
361,https://arquivo.pt/noFrame/replay/20190903113326/http://openpaleo.blogspot.com/,2.01909E+13,http://openpaleo.blogspot.com/
362,https://arquivo.pt/noFrame/replay/20170210120136/http://taf.net/opiniao/2005/01/poltica-open-source.htm,2.01702E+13,http://taf.net/opiniao/2005/01/poltica-open-source.htm
363,https://arquivo.pt/noFrame/replay/20110522132736/http://www.opensourcewindows.org/,2.01105E+13,http://www.opensourcewindows.org/
364,https://arquivo.pt/noFrame/replay/20160109004639/http://opensource.org/,2.01601E+13,http://opensource.org/
365,https://arquivo.pt/noFrame/replay/20180407022418/http://www.concrete5.org/,2.01804E+13,http://www.concrete5.org/
366,https://arquivo.pt/noFrame/replay/20081022113724/http://opensource.hp.com/,2.0081E+13,http://opensource.hp.com/
367,https://arquivo.pt/noFrame/replay/20180408153718/https://source.android.com/,2.01804E+13,https://source.android.com/
368,https://arquivo.pt/noFrame/replay/20090710153753/http://updates.zdnet.com/tags/Open+Source.html,2.00907E+13,http://updates.zdnet.com/tags/Open+Source.html
369,https://arquivo.pt/noFrame/replay/20170608184218/http://portail-open-source.smile.fr/,2.01706E+13,http://portail-open-source.smile.fr/
370,https://arquivo.pt/noFrame/replay/20080317232931/http://secondlife.com/developers/opensource/,2.00803E+13,http://secondlife.com/developers/opensource/
371,https://arquivo.pt/noFrame/replay/20200914000749/https://www.odoo.com/page/crm?utm_source=db&utm_medium=portal,2.02009E+13,https://www.odoo.com/page/crm?utm_source=db&utm_medium=portal
372,https://arquivo.pt/noFrame/replay/20091223023312/http://developer.apple.com/opensource/,2.00912E+13,http://developer.apple.com/opensource/
373,https://arquivo.pt/noFrame/replay/20080218174459/http://secondlife.com/developers/opensource/,2.00802E+13,http://secondlife.com/developers/opensource/
374,https://arquivo.pt/noFrame/replay/20131105155651/http://taf.net/opiniao/2005/01/poltica-open-source.htm,2.01311E+13,http://taf.net/opiniao/2005/01/poltica-open-source.htm
375,https://arquivo.pt/noFrame/replay/20171209065215/http://9n18gwina0.comunidades.net/index.php?pagina=1629612090,2.01712E+13,http://9n18gwina0.comunidades.net/index.php?pagina=1629612090
376,https://arquivo.pt/noFrame/replay/20170608184218/http://cms-open-source.smile.fr/,2.01706E+13,http://cms-open-source.smile.fr/
377,https://arquivo.pt/noFrame/replay/20110523141638/http://osliving.com/,2.01105E+13,http://osliving.com/
378,https://arquivo.pt/noFrame/replay/20080311204344/http://opensource.blogs.ca.ua.pt/,2.00803E+13,http://opensource.blogs.ca.ua.pt/
379,https://arquivo.pt/noFrame/replay/20110123210607/http://osliving.com/,2.01101E+13,http://osliving.com/
380,https://arquivo.pt/noFrame/replay/20101225164734/http://www.opensourcesupportdesk.com/,2.01012E+13,http://www.opensourcesupportdesk.com/
381,https://arquivo.pt/noFrame/replay/20170608184218/http://ecommerce-open-source.smile.fr/,2.01706E+13,http://ecommerce-open-source.smile.fr/
382,https://arquivo.pt/noFrame/replay/20191119003908/https://www.kitware.com/platforms/,2.01911E+13,https://www.kitware.com/platforms/
383,https://arquivo.pt/noFrame/replay/20081027095447/http://opensource.blogs.ca.ua.pt/,2.0081E+13,http://opensource.blogs.ca.ua.pt/
384,https://arquivo.pt/noFrame/replay/20111205193657/http://source.android.com/,2.01112E+13,http://source.android.com/
385,https://arquivo.pt/noFrame/replay/20091223140917/http://opensource.hp.com/,2.00912E+13,http://opensource.hp.com/
386,https://arquivo.pt/noFrame/replay/20090707142352/http://www.osuosl.org/,2.00907E+13,http://www.osuosl.org/
387,https://arquivo.pt/noFrame/replay/20060218195019/http://www.tos.ipb.pt/,2.00602E+13,http://www.tos.ipb.pt/
388,https://arquivo.pt/noFrame/replay/20110123110454/http://www.opensourcewindows.org/,2.01101E+13,http://www.opensourcewindows.org/
389,https://arquivo.pt/noFrame/replay/20080222213528/http://oss.intel.com/en-us/,2.00802E+13,http://oss.intel.com/en-us/
390,https://arquivo.pt/noFrame/replay/20081022152803/http://www.dwheeler.com/oss_fs_why.html,2.0081E+13,http://www.dwheeler.com/oss_fs_why.html
391,https://arquivo.pt/noFrame/replay/20090520155840/http://code.google.com/chromium/,2.00905E+13,http://code.google.com/chromium/
392,https://arquivo.pt/noFrame/replay/20160205045809/http://9n18gwina0.comunidades.net/index.php?pagina=1629612090,2.01602E+13,http://9n18gwina0.comunidades.net/index.php?pagina=1629612090
393,https://arquivo.pt/noFrame/replay/20120123052709/http://www.codeplex.com/,2.01201E+13,http://www.codeplex.com/
394,https://arquivo.pt/noFrame/replay/20110705160118/http://sol.sapo.pt/inicio/Tecnologia/Interior.aspx?content_id=23400,2.01107E+13,http://sol.sapo.pt/inicio/Tecnologia/Interior.aspx?content_id=23400
395,https://arquivo.pt/noFrame/replay/20170608184218/http://formations.opensourceschool.fr/,2.01706E+13,http://formations.opensourceschool.fr/
396,https://arquivo.pt/noFrame/replay/20170606053918/http://www.open-source-guide.com/en,2.01706E+13,http://www.open-source-guide.com/en
397,https://arquivo.pt/noFrame/replay/20091013014041/http://www.osliving.com/,2.0091E+13,http://www.osliving.com/
398,https://arquivo.pt/noFrame/replay/20200605124931/https://www.opensourcelisbon.com/,2.02006E+13,https://www.opensourcelisbon.com/
399,https://arquivo.pt/noFrame/replay/20080317134946/http://linuxtoday.com/news_story.php3?ltsn=2008-03-14-007-26-NW-BZ-PB,2.00803E+13,http://linuxtoday.com/news_story.php3?ltsn=2008-03-14-007-26-NW-BZ-PB
400,https://arquivo.pt/noFrame/replay/20100805022911/http://portal.ipt.pt/portal/portal/posgradSLAP,2.01008E+13,http://portal.ipt.pt/portal/portal/posgradSLAP
401,https://arquivo.pt/noFrame/replay/20091004153049/http://softlivre.centroarrabida.org/,2.0091E+13,http://softlivre.centroarrabida.org/
402,https://arquivo.pt/noFrame/replay/20091225054514/http://www.softwarelivre.gov.br/,2.00912E+13,http://www.softwarelivre.gov.br/
403,https://arquivo.pt/noFrame/replay/20191015121354/https://foxit-reader.br.softonic.com/mac,2.0191E+13,https://foxit-reader.br.softonic.com/mac
404,https://arquivo.pt/noFrame/replay/20080314161751/http://www.softwarelivre.com.pt/,2.00803E+13,http://www.softwarelivre.com.pt/
405,https://arquivo.pt/noFrame/replay/20080215024728/http://www.softwarelivre.com.pt/,2.00802E+13,http://www.softwarelivre.com.pt/
406,https://arquivo.pt/noFrame/replay/20081023150737/http://softlivre.ccarrabida.net/,2.0081E+13,http://softlivre.ccarrabida.net/
407,https://arquivo.pt/noFrame/replay/20090715233449/http://www.softwarelivre.gov.br/,2.00907E+13,http://www.softwarelivre.gov.br/
408,https://arquivo.pt/noFrame/replay/20100601180338/http://portal.ipt.pt/portal/portal/posgradSLAP,2.01006E+13,http://portal.ipt.pt/portal/portal/posgradSLAP
409,https://arquivo.pt/noFrame/replay/20091218232229/http://esaof.edu.pt/blog/pcurgencias/dvd-software-livre/,2.00912E+13,http://esaof.edu.pt/blog/pcurgencias/dvd-software-livre/
410,https://arquivo.pt/noFrame/replay/20090924234845/http://esaof.edu.pt/blog/pcurgencias/dvd-software-livre/,2.00909E+13,http://esaof.edu.pt/blog/pcurgencias/dvd-software-livre/
411,https://arquivo.pt/noFrame/replay/20191014225758/https://partidolivre.pt/tag/software-livre,2.0191E+13,https://partidolivre.pt/tag/software-livre
412,https://arquivo.pt/noFrame/replay/20110630225830/http://transparencia-pt.org/,2.01106E+13,http://transparencia-pt.org/
413,https://arquivo.pt/noFrame/replay/20160120065301/http://softwarelivre.com.pt/,2.01601E+13,http://softwarelivre.com.pt/
414,https://arquivo.pt/noFrame/replay/20200930045257/http://blogoosfero.cc/software-livre,2.02009E+13,http://blogoosfero.cc/software-livre
415,https://arquivo.pt/noFrame/replay/20160120065322/http://softwarelivre.com.pt/feed,2.01601E+13,http://softwarelivre.com.pt/feed
416,https://arquivo.pt/noFrame/replay/20111006043307/http://www.computerworld.com.pt/tag/software-livre/,2.0111E+13,http://www.computerworld.com.pt/tag/software-livre/
417,https://arquivo.pt/noFrame/replay/20170615131623/https://tegnix.eu/br/category/software-livre/,2.01706E+13,https://tegnix.eu/br/category/software-livre/
418,https://arquivo.pt/noFrame/replay/20171211041414/http://openlab.esev.ipv.pt/?page_id=95,2.01712E+13,http://openlab.esev.ipv.pt/?page_id=95
419,https://arquivo.pt/noFrame/replay/20110705211535/http://www.computerworld.com.pt/tag/software-livre/,2.01107E+13,http://www.computerworld.com.pt/tag/software-livre/
420,https://arquivo.pt/noFrame/replay/20170804121459/http://openlab.esev.ipv.pt/?page_id=95,2.01708E+13,http://openlab.esev.ipv.pt/?page_id=95
421,https://arquivo.pt/noFrame/replay/20110520232606/http://transparencia-pt.org/,2.01105E+13,http://transparencia-pt.org/
422,https://arquivo.pt/noFrame/replay/20151116104949/http://administracao-softwarelivre.blogspot.pt/search?updated-max=2008-08-25T18:00:00-07:00&max-results=7,2.01511E+13,http://administracao-softwarelivre.blogspot.pt/search?updated-max=2008-08-25T18:00:00-07:00&max-results=7
423,https://arquivo.pt/noFrame/replay/20170615110946/https://tegnix.eu/br/vender-software-livre/,2.01706E+13,https://tegnix.eu/br/vender-software-livre/
424,https://arquivo.pt/noFrame/replay/20200902060858/https://infoatec.webnode.pt/album/software-livre/software-livre-jpeg/,2.02009E+13,https://infoatec.webnode.pt/album/software-livre/software-livre-jpeg/
425,https://arquivo.pt/noFrame/replay/20200304101224/https://infoatec.webnode.pt/album/software-livre/software-livre-jpeg/,2.02003E+13,https://infoatec.webnode.pt/album/software-livre/software-livre-jpeg/
426,https://arquivo.pt/noFrame/replay/20170922211232/http://tek.sapo.pt/tag/software-livre,2.01709E+13,http://tek.sapo.pt/tag/software-livre
427,https://arquivo.pt/noFrame/replay/20170923211208/http://tek.sapo.pt/tag/software-livre,2.01709E+13,http://tek.sapo.pt/tag/software-livre
428,https://arquivo.pt/noFrame/replay/20141123035357/http://agulha.camorim.eu/tag/software-livre/,2.01411E+13,http://agulha.camorim.eu/tag/software-livre/
429,https://arquivo.pt/noFrame/replay/20151014222015/http://expresso.sapo.pt/palavra/arquivo/software%20livre,2.0151E+13,http://expresso.sapo.pt/palavra/arquivo/software%20livre
430,https://arquivo.pt/noFrame/replay/20111130200802/http://sol.sapo.pt/inicio/tag.aspx?tag=Software%20Livre,2.01111E+13,http://sol.sapo.pt/inicio/tag.aspx?tag=Software%20Livre
431,https://arquivo.pt/noFrame/replay/20111204191330/http://sol.sapo.pt/inicio/tag.aspx?tag=Software%20Livre,2.01112E+13,http://sol.sapo.pt/inicio/tag.aspx?tag=Software%20Livre
432,https://arquivo.pt/noFrame/replay/20141124235112/http://site24.eu/templates/template.php?nome=linux,2.01411E+13,http://site24.eu/templates/template.php?nome=linux
433,https://arquivo.pt/noFrame/replay/20171210165004/http://m.infoatec.webnode.pt/album/software-livre/software-livre-jpeg/,2.01712E+13,http://m.infoatec.webnode.pt/album/software-livre/software-livre-jpeg/
434,https://arquivo.pt/noFrame/replay/20131106085025/http://softwarelivre.gov.pt/boas_praticas/Espamol/Software,2.01311E+13,http://softwarelivre.gov.pt/boas_praticas/Espamol/Software
435,https://arquivo.pt/noFrame/replay/20150917153818/http://m.infoatec.webnode.pt/album/software-livre/software-livre-jpeg/,2.01509E+13,http://m.infoatec.webnode.pt/album/software-livre/software-livre-jpeg/
436,https://arquivo.pt/noFrame/replay/20091217220651/http://softwarelivre.gov.pt/boas_praticas/Espamol/Software,2.00912E+13,http://softwarelivre.gov.pt/boas_praticas/Espamol/Software
437,https://arquivo.pt/noFrame/replay/20141123035438/http://agulha.camorim.eu/tag/software-livre/feed/,2.01411E+13,http://agulha.camorim.eu/tag/software-livre/feed/
438,https://arquivo.pt/noFrame/replay/20191014185809/https://ktreta.blogspot.com/2010/09/software-livre.html,2.0191E+13,https://ktreta.blogspot.com/2010/09/software-livre.html
439,https://arquivo.pt/noFrame/replay/20140507203108/http://www.oribatejo.pt/tag/software-livre/,2.01405E+13,http://www.oribatejo.pt/tag/software-livre/
440,https://arquivo.pt/noFrame/replay/20160606082521/http://www.airo.pt/Software_Livre,2.01606E+13,http://www.airo.pt/Software_Livre
441,https://arquivo.pt/noFrame/replay/20160210203747/http://www.airo.pt/Software_Livre,2.01602E+13,http://www.airo.pt/Software_Livre
442,https://arquivo.pt/noFrame/replay/20140529132242/http://www.oribatejo.pt/tag/software-livre/,2.01405E+13,http://www.oribatejo.pt/tag/software-livre/
443,https://arquivo.pt/noFrame/replay/20110521085616/http://tech4pc.net/software-livre-em-espanha/,2.01105E+13,http://tech4pc.net/software-livre-em-espanha/
444,https://arquivo.pt/noFrame/replay/20141001070734/http://aes-m.ccems.pt/mod/forum/discuss.php?d=487&mode=-1,2.0141E+13,http://aes-m.ccems.pt/mod/forum/discuss.php?d=487&mode=-1
445,https://arquivo.pt/noFrame/replay/20141001070748/http://aes-m.ccems.pt/mod/forum/discuss.php?d=487&mode=2,2.0141E+13,http://aes-m.ccems.pt/mod/forum/discuss.php?d=487&mode=2
446,https://arquivo.pt/noFrame/replay/20151009041907/http://www.revista-programar.info/tag/software-livre/,2.0151E+13,http://www.revista-programar.info/tag/software-livre/
447,https://arquivo.pt/noFrame/replay/20151011041739/http://www.revista-programar.info/tag/software-livre/,2.0151E+13,http://www.revista-programar.info/tag/software-livre/
448,https://arquivo.pt/noFrame/replay/20141001082436/http://alfinete2008.blogspot.pt/search/label/software%20livre,2.0141E+13,http://alfinete2008.blogspot.pt/search/label/software%20livre
449,https://arquivo.pt/noFrame/replay/20141008213605/http://alfinete2008.blogspot.pt/search/label/software%20livre?updated-max/0752010-05-06T14:10:00-07:00/46max-results/07520/46start/0752/46by-date/75false,2.0141E+13,http://alfinete2008.blogspot.pt/search/label/software%20livre?updated-max/0752010-05-06T14:10:00-07:00/46max-results/07520/46start/0752/46by-date/75false
450,https://arquivo.pt/noFrame/replay/20190522205553/https://expertsproject.org/2017/11/30/capitulo-sobre-experts-em-acesso-aberto/,2.01905E+13,https://expertsproject.org/2017/11/30/capitulo-sobre-experts-em-acesso-aberto/
451,https://arquivo.pt/noFrame/replay/20091003205226/http://arsphysica.wordpress.com/tag/acesso-aberto/feed/,2.0091E+13,http://arsphysica.wordpress.com/tag/acesso-aberto/feed/
452,https://arquivo.pt/noFrame/replay/20190522205618/https://expertsproject.org/2017/11/30/capitulo-sobre-experts-em-acesso-aberto/amp/,2.01905E+13,https://expertsproject.org/2017/11/30/capitulo-sobre-experts-em-acesso-aberto/amp/
453,https://arquivo.pt/noFrame/replay/20200620191617/https://ionline.sapo.pt/artigo/699939/-acesso-aberto-a-ci-ncia-?seccao=Opiniao_i,2.02006E+13,https://ionline.sapo.pt/artigo/699939/-acesso-aberto-a-ci-ncia-?seccao=Opiniao_i
454,https://arquivo.pt/noFrame/replay/20181022195557/https://www.mouseion.pt/2017/06/acesso-aberto-acesso-cultura/,2.0181E+13,https://www.mouseion.pt/2017/06/acesso-aberto-acesso-cultura/
455,https://arquivo.pt/noFrame/replay/20181023202309/https://www.mouseion.pt/2017/06/acesso-aberto-acesso-cultura/,2.0181E+13,https://www.mouseion.pt/2017/06/acesso-aberto-acesso-cultura/
456,https://arquivo.pt/noFrame/replay/20160530171238/http://a-informacao.blogspot.pt/2013/06/evento-acesso-aberto.html,2.01605E+13,http://a-informacao.blogspot.pt/2013/06/evento-acesso-aberto.html
457,https://arquivo.pt/noFrame/replay/20140924190515/http://blog.rcgoncalves.pt/tag/acesso-aberto/feed/,2.01409E+13,http://blog.rcgoncalves.pt/tag/acesso-aberto/feed/
458,https://arquivo.pt/noFrame/replay/20160515082658/http://www.uc.pt/sibuc/openaccess/politicasoa/mandato,2.01605E+13,http://www.uc.pt/sibuc/openaccess/politicasoa/mandato
459,https://arquivo.pt/noFrame/replay/20131108092028/http://eportuguese.blogspot.pt/2011/04/acesso-aberto-informacao.html,2.01311E+13,http://eportuguese.blogspot.pt/2011/04/acesso-aberto-informacao.html
460,https://arquivo.pt/noFrame/replay/20131106062236/http://biblioteca.ufp.pt/ebooks-em-acesso-aberto-springer/,2.01311E+13,http://biblioteca.ufp.pt/ebooks-em-acesso-aberto-springer/
461,https://arquivo.pt/noFrame/replay/20160315180219/http://www.secheresse.info/spip.php?article21558,2.01603E+13,http://www.secheresse.info/spip.php?article21558
462,https://arquivo.pt/noFrame/replay/20191010013818/https://www.uc.pt/sibuc/openaccess,2.0191E+13,https://www.uc.pt/sibuc/openaccess
463,https://arquivo.pt/noFrame/replay/20161102164940/http://eportuguese.blogspot.pt/2008/04/acesso-aberto-publicaes-cientficas.html,2.01611E+13,http://eportuguese.blogspot.pt/2008/04/acesso-aberto-publicaes-cientficas.html
464,https://arquivo.pt/noFrame/replay/20150414000324/http://cd.ispa.pt/noticia/semana-do-acesso-aberto-2013,2.01504E+13,http://cd.ispa.pt/noticia/semana-do-acesso-aberto-2013
465,https://arquivo.pt/noFrame/replay/20131108082601/http://leituras-cruzadas.blogspot.pt/search/label/Acesso%20Aberto,2.01311E+13,http://leituras-cruzadas.blogspot.pt/search/label/Acesso%20Aberto
466,https://arquivo.pt/noFrame/replay/20191006182245/https://id.scribd.com/doc/155077705/Cartaz-Acesso-Aberto-LE-D-UAb,2.0191E+13,https://id.scribd.com/doc/155077705/Cartaz-Acesso-Aberto-LE-D-UAb
467,https://arquivo.pt/noFrame/replay/20191006182245/https://it.scribd.com/doc/155077705/Cartaz-Acesso-Aberto-LE-D-UAb,2.0191E+13,https://it.scribd.com/doc/155077705/Cartaz-Acesso-Aberto-LE-D-UAb
468,https://arquivo.pt/noFrame/replay/20180717091121/http://confoa2010.acessolivre.pt/index.php/lang-en/consultar-recursos-de-apoio/faqs/4-acesso-aberto-open-access?start=10,2.01807E+13,http://confoa2010.acessolivre.pt/index.php/lang-en/consultar-recursos-de-apoio/faqs/4-acesso-aberto-open-access?start=10
469,https://arquivo.pt/noFrame/replay/20190909012430/https://www.editorafi.org/filosofas,2.01909E+13,https://www.editorafi.org/filosofas
470,https://arquivo.pt/noFrame/replay/20191012025644/https://www.editorafi.org/196sirio,2.0191E+13,https://www.editorafi.org/196sirio
471,https://arquivo.pt/noFrame/replay/20181015131524/https://bibliotecaunl.blogspot.com/2018/10/semana-internacional-do-acesso-aberto.html,2.0181E+13,https://bibliotecaunl.blogspot.com/2018/10/semana-internacional-do-acesso-aberto.html
472,https://arquivo.pt/noFrame/replay/20190402092850/https://bibliotecaunl.blogspot.com/2018/10/semana-internacional-do-acesso-aberto.html,2.01904E+13,https://bibliotecaunl.blogspot.com/2018/10/semana-internacional-do-acesso-aberto.html
473,https://arquivo.pt/noFrame/replay/20081022190804/http://www.cmdtla.org/gerais/138-acesso-aberto-da-informacao-cientifica.html?tmpl=component&print=1&page=,2.0081E+13,http://www.cmdtla.org/gerais/138-acesso-aberto-da-informacao-cientifica.html?tmpl=component&print=1&page=
474,https://arquivo.pt/noFrame/replay/20160604075627/http://peixedaprata.blogspot.pt/2015/10/semana-internacional-do-acesso-aberto.html,2.01606E+13,http://peixedaprata.blogspot.pt/2015/10/semana-internacional-do-acesso-aberto.html
475,https://arquivo.pt/noFrame/replay/20081022134520/http://www.cmdtla.org/gerais/138.html?task=view,2.0081E+13,http://www.cmdtla.org/gerais/138.html?task=view
476,https://arquivo.pt/noFrame/replay/20200907153529/https://jfborges.wordpress.com/2015/05/13/unesco-acesso-aberto/,2.02009E+13,https://jfborges.wordpress.com/2015/05/13/unesco-acesso-aberto/
477,https://arquivo.pt/noFrame/replay/20150908230424/http://newsletter.fct.pt/politica-da-fct-sobre-acesso-aberto-a-publicacoes/,2.01509E+13,http://newsletter.fct.pt/politica-da-fct-sobre-acesso-aberto-a-publicacoes/
478,https://arquivo.pt/noFrame/replay/20150418223217/http://newsletter.fct.pt/politica-da-fct-sobre-acesso-aberto-a-publicacoes/,2.01504E+13,http://newsletter.fct.pt/politica-da-fct-sobre-acesso-aberto-a-publicacoes/
479,https://arquivo.pt/noFrame/replay/20091005103925/http://bcufrgs.blogspot.com/2009/03/acesso-aberto-aumenta-citacoes.html,2.0091E+13,http://bcufrgs.blogspot.com/2009/03/acesso-aberto-aumenta-citacoes.html
480,https://arquivo.pt/noFrame/replay/20191210150746/https://de.slideshare.net/projetorcaap/acesso-aberto-a-dados-de-pesquisa-no-brasil,2.01912E+13,https://de.slideshare.net/projetorcaap/acesso-aberto-a-dados-de-pesquisa-no-brasil
481,https://arquivo.pt/noFrame/replay/20191209180752/https://pt.slideshare.net/projetorcaap/acesso-aberto-a-dados-de-pesquisa-no-brasil,2.01912E+13,https://pt.slideshare.net/projetorcaap/acesso-aberto-a-dados-de-pesquisa-no-brasil
482,https://arquivo.pt/noFrame/replay/20191211154126/https://fr.slideshare.net/projetorcaap/acesso-aberto-a-dados-de-pesquisa-no-brasil,2.01912E+13,https://fr.slideshare.net/projetorcaap/acesso-aberto-a-dados-de-pesquisa-no-brasil
483,https://arquivo.pt/noFrame/replay/20191210211059/https://es.slideshare.net/projetorcaap/acesso-aberto-a-dados-de-pesquisa-no-brasil,2.01912E+13,https://es.slideshare.net/projetorcaap/acesso-aberto-a-dados-de-pesquisa-no-brasil
484,https://arquivo.pt/noFrame/replay/20200316122227/https://de.slideshare.net/projetorcaap/acesso-aberto-a-dados-de-pesquisa-no-brasil,2.02003E+13,https://de.slideshare.net/projetorcaap/acesso-aberto-a-dados-de-pesquisa-no-brasil
485,https://arquivo.pt/noFrame/replay/20200312124530/https://es.slideshare.net/projetorcaap/acesso-aberto-a-dados-de-pesquisa-no-brasil,2.02003E+13,https://es.slideshare.net/projetorcaap/acesso-aberto-a-dados-de-pesquisa-no-brasil
486,https://arquivo.pt/noFrame/replay/20200307074825/https://pt.slideshare.net/projetorcaap/acesso-aberto-a-dados-de-pesquisa-no-brasil,2.02003E+13,https://pt.slideshare.net/projetorcaap/acesso-aberto-a-dados-de-pesquisa-no-brasil
487,https://arquivo.pt/noFrame/replay/20200316090414/https://fr.slideshare.net/projetorcaap/acesso-aberto-a-dados-de-pesquisa-no-brasil,2.02003E+13,https://fr.slideshare.net/projetorcaap/acesso-aberto-a-dados-de-pesquisa-no-brasil
488,https://arquivo.pt/noFrame/replay/20131106075139/http://biblioteca.ufp.pt/ebooks-em-acesso-aberto-springer/?lang=fr,2.01311E+13,http://biblioteca.ufp.pt/ebooks-em-acesso-aberto-springer/?lang=fr
489,https://arquivo.pt/noFrame/replay/20170131010018/http://unesdoc.unesco.org/ulis/cgi-bin/ulis.pl?catno=246018&set=00588C56F7_0_50&database=ged&gp=0&mode=e&lin=1&ll=e,2.01701E+13,http://unesdoc.unesco.org/ulis/cgi-bin/ulis.pl?catno=246018&set=00588C56F7_0_50&database=ged&gp=0&mode=e&lin=1&ll=e
490,https://arquivo.pt/noFrame/replay/20150917234920/http://eco.imooc.uab.pt/elgg/bookmarks/view/36835/repositorio-cientifico-de-acesso-aberto,2.01509E+13,http://eco.imooc.uab.pt/elgg/bookmarks/view/36835/repositorio-cientifico-de-acesso-aberto
491,https://arquivo.pt/noFrame/replay/20190907060535/http://scienceblogs.com.br/rainha/2012/02/acesso-aberto/,2.01909E+13,http://scienceblogs.com.br/rainha/2012/02/acesso-aberto/
492,https://arquivo.pt/noFrame/replay/20150828142800/http://biblionunosimoes.blogspot.pt/2009/11/repositorio-cientifico-de-acesso-aberto.html,2.01508E+13,http://biblionunosimoes.blogspot.pt/2009/11/repositorio-cientifico-de-acesso-aberto.html
493,https://arquivo.pt/noFrame/replay/20191209175954/http://www.worldcat.org/search?qt=worldcat_org_all&q=Acesso+Aberto+%40ISCTE-IUL,2.01912E+13,http://www.worldcat.org/search?qt=worldcat_org_all&q=Acesso+Aberto+%40ISCTE-IUL
494,https://arquivo.pt/noFrame/replay/20190902080646/http://www.worldcat.org/search?qt=worldcat_org_all&q=Acesso+Aberto+%40ISCTE-IUL,2.01909E+13,http://www.worldcat.org/search?qt=worldcat_org_all&q=Acesso+Aberto+%40ISCTE-IUL
495,https://arquivo.pt/noFrame/replay/20160210233106/http://www.insa.pt/sites/INSA/Portugues/ComInf/Noticias/Paginas/AcessoAberto2015.aspx,2.01602E+13,http://www.insa.pt/sites/INSA/Portugues/ComInf/Noticias/Paginas/AcessoAberto2015.aspx
496,https://arquivo.pt/noFrame/replay/20160606132117/http://www.insa.pt/sites/INSA/Portugues/ComInf/Noticias/Paginas/AcessoAberto2015.aspx,2.01606E+13,http://www.insa.pt/sites/INSA/Portugues/ComInf/Noticias/Paginas/AcessoAberto2015.aspx
497,https://arquivo.pt/noFrame/replay/20091005122310/http://bcufrgs.blogspot.com/2009/07/cultura-do-acesso-aberto.html,2.0091E+13,http://bcufrgs.blogspot.com/2009/07/cultura-do-acesso-aberto.html
498,https://arquivo.pt/noFrame/replay/20170215105538/http://conferencias.rcaap.pt/confoa/2010,2.01702E+13,http://conferencias.rcaap.pt/confoa/2010
499,https://arquivo.pt/noFrame/replay/20190418053221/https://ptcrisfct.files.wordpress.com/2015/07/declaracao_compromisso_ptcris.pdf,2.01904E+13,https://ptcrisfct.files.wordpress.com/2015/07/declaracao_compromisso_ptcris.pdf
500,https://arquivo.pt/noFrame/replay/20170605163501/http://www.debian.org/,2.01706E+13,http://www.debian.org/
501,https://arquivo.pt/noFrame/replay/20180416205524/http://www.parisc-linux.org/,2.01804E+13,http://www.parisc-linux.org/
502,https://arquivo.pt/noFrame/replay/20090904040100/http://www.shoutcast.com/,2.00909E+13,http://www.shoutcast.com/
503,https://arquivo.pt/noFrame/replay/20190922173255/https://www.archlinux.org/,2.01909E+13,https://www.archlinux.org/
504,https://arquivo.pt/noFrame/replay/20090915220510/http://www.kernel.org/,2.00909E+13,http://www.kernel.org/
505,https://arquivo.pt/noFrame/replay/20170211011353/http://www.kernel.org/,2.01702E+13,http://www.kernel.org/
506,https://arquivo.pt/noFrame/replay/20180717182223/http://www.linux-usb.org/,2.01807E+13,http://www.linux-usb.org/
507,https://arquivo.pt/noFrame/replay/20110707170347/http://pt.wordpress.com/tag/linux/,2.01107E+13,http://pt.wordpress.com/tag/linux/
508,https://arquivo.pt/noFrame/replay/20120120233517/http://linux-facil.blogspot.com/,2.01201E+13,http://linux-facil.blogspot.com/
509,https://arquivo.pt/noFrame/replay/20200308022743/http://linas.org/linux/raid.html,2.02003E+13,http://linas.org/linux/raid.html
510,https://arquivo.pt/noFrame/replay/20090709025408/http://www.debian.org/,2.00907E+13,http://www.debian.org/
511,https://arquivo.pt/noFrame/replay/20110525194158/http://pt.wordpress.com/tag/linux/,2.01105E+13,http://pt.wordpress.com/tag/linux/
512,https://arquivo.pt/noFrame/replay/20080218153240/http://www.revista-linux.com/,2.00802E+13,http://www.revista-linux.com/
513,https://arquivo.pt/noFrame/replay/20110520112704/http://linux-facil.blogspot.com/,2.01105E+13,http://linux-facil.blogspot.com/
514,https://arquivo.pt/noFrame/replay/20200608115956/http://linas.org/linux/raid.html,2.02006E+13,http://linas.org/linux/raid.html
515,https://arquivo.pt/noFrame/replay/20180721144207/https://linux-hub.softonic.jp/pwa,2.01807E+13,https://linux-hub.softonic.jp/pwa
516,https://arquivo.pt/noFrame/replay/20200313174734/http://www.parisc-linux.org/,2.02003E+13,http://www.parisc-linux.org/
517,https://arquivo.pt/noFrame/replay/20080223063530/http://www.google.com/linux,2.00802E+13,http://www.google.com/linux
518,https://arquivo.pt/noFrame/replay/20180721144207/https://linux-hub.fr.softonic.com/pwa,2.01807E+13,https://linux-hub.fr.softonic.com/pwa
519,https://arquivo.pt/noFrame/replay/20100806023549/http://www.pcguia.xl.pt/linux.shtml,2.01008E+13,http://www.pcguia.xl.pt/linux.shtml
520,https://arquivo.pt/noFrame/replay/20200307055704/http://www.linuxfromscratch.org/,2.02003E+13,http://www.linuxfromscratch.org/
521,https://arquivo.pt/noFrame/replay/20110122093709/http://www.linux.pt/,2.01101E+13,http://www.linux.pt/
522,https://arquivo.pt/noFrame/replay/20180416180332/http://www.linuxfromscratch.org/,2.01804E+13,http://www.linuxfromscratch.org/
523,https://arquivo.pt/noFrame/replay/20160109214535/http://www.linux.cz/,2.01601E+13,http://www.linux.cz/
524,https://arquivo.pt/noFrame/replay/20180417000032/http://www.lpi.org/,2.01804E+13,http://www.lpi.org/
525,https://arquivo.pt/noFrame/replay/20200612022625/http://www.mac.linux-m68k.org/,2.02006E+13,http://www.mac.linux-m68k.org/
526,https://arquivo.pt/noFrame/replay/20110702185027/http://www.skype.com/intl/en/get-skype/on-your-computer/linux,2.01107E+13,http://www.skype.com/intl/en/get-skype/on-your-computer/linux
527,https://arquivo.pt/noFrame/replay/20200612022625/http://www.linux-m68k.org/,2.02006E+13,http://www.linux-m68k.org/
528,https://arquivo.pt/noFrame/replay/20200313130734/http://www.linux-m68k.org/,2.02003E+13,http://www.linux-m68k.org/
529,https://arquivo.pt/noFrame/replay/19990125100846/http://www.linuxberg.com/,1.99901E+13,http://www.linuxberg.com/
530,https://arquivo.pt/noFrame/replay/20190913113826/https://linuxmint.com/,2.01909E+13,https://linuxmint.com/
531,https://arquivo.pt/noFrame/replay/20191116134027/https://www.archlinux.org/,2.01911E+13,https://www.archlinux.org/
532,https://arquivo.pt/noFrame/replay/20080311192841/http://linux.ccems.pt/,2.00803E+13,http://linux.ccems.pt/
533,https://arquivo.pt/noFrame/replay/20180411102429/http://www.ltsp.org/,2.01804E+13,http://www.ltsp.org/
534,https://arquivo.pt/noFrame/replay/20170618101822/http://proc.linux.cz/,2.01706E+13,http://proc.linux.cz/
535,https://arquivo.pt/noFrame/replay/20090710153910/http://updates.zdnet.com/tags/Linux.html,2.00907E+13,http://updates.zdnet.com/tags/Linux.html
536,https://arquivo.pt/noFrame/replay/20091004010814/http://pt-br.wordpress.com/tag/linux/,2.0091E+13,http://pt-br.wordpress.com/tag/linux/
537,https://arquivo.pt/noFrame/replay/20180717190117/http://www.lpi.org/,2.01807E+13,http://www.lpi.org/
538,https://arquivo.pt/noFrame/replay/20080224220319/http://user-mode-linux.sourceforge.net/,2.00802E+13,http://user-mode-linux.sourceforge.net/
539,https://arquivo.pt/noFrame/replay/20080223211159/http://linux.dell.com/,2.00802E+13,http://linux.dell.com/
540,https://arquivo.pt/noFrame/replay/20080214084350/http://www.pcguia.xl.pt/linux.shtml,2.00802E+13,http://www.pcguia.xl.pt/linux.shtml
541,https://arquivo.pt/noFrame/replay/20200622001720/http://ftp.caixamagica.pt/23/oficial/iso/,2.02006E+13,http://ftp.caixamagica.pt/23/oficial/iso/
542,https://arquivo.pt/noFrame/replay/20191224063434/https://linuxmint.com/,2.01912E+13,https://linuxmint.com/
543,https://arquivo.pt/noFrame/replay/20150820103832/http://www.linuxmint.com/,2.01508E+13,http://www.linuxmint.com/
544,https://arquivo.pt/noFrame/replay/20091007133950/http://counter.li.org/,2.0091E+13,http://counter.li.org/
545,https://arquivo.pt/noFrame/replay/20200307055727/http://www.nyx.net/~sgjoen/disk.html,2.02003E+13,http://www.nyx.net/~sgjoen/disk.html
546,https://arquivo.pt/noFrame/replay/20091002224449/http://www.ubuntu.com/,2.0091E+13,http://www.ubuntu.com/
547,https://arquivo.pt/noFrame/replay/20110803150227/http://tek.sapo.pt/tek_expert/agenda_evento_linux_2011_1174110.html,2.01108E+13,http://tek.sapo.pt/tek_expert/agenda_evento_linux_2011_1174110.html
548,https://arquivo.pt/noFrame/replay/20200605084953/http://www.nyx.net/~sgjoen/disk.html,2.02006E+13,http://www.nyx.net/~sgjoen/disk.html
549,https://arquivo.pt/noFrame/replay/20081024155805/http://www.linuxbase.org/,2.0081E+13,http://www.linuxbase.org/
550,https://arquivo.pt/noFrame/replay/20190606193122/https://be.wikipedia.org/wiki/Unix,2.01906E+13,https://be.wikipedia.org/wiki/Unix
551,https://arquivo.pt/noFrame/replay/20160614084406/http://m.in7.pt/unix/,2.01606E+13,http://m.in7.pt/unix/
552,https://arquivo.pt/noFrame/replay/20090725031809/http://www.searchfit.biz/,2.00907E+13,http://www.searchfit.biz/
553,https://arquivo.pt/noFrame/replay/20091025233827/http://mx.geocities.com/pcmuseo/logitronica/sounix.htm,2.0091E+13,http://mx.geocities.com/pcmuseo/logitronica/sounix.htm
554,https://arquivo.pt/noFrame/replay/19961013163404/http://www.eecs.nwu.edu/unix.html,1.9961E+13,http://www.eecs.nwu.edu/unix.html
555,https://arquivo.pt/noFrame/replay/20090725035422/http://www.tophosting.us.com/,2.00907E+13,http://www.tophosting.us.com/
556,https://arquivo.pt/noFrame/replay/20190606193325/https://ja.wikipedia.org/wiki/UNIX,2.01906E+13,https://ja.wikipedia.org/wiki/UNIX
557,https://arquivo.pt/noFrame/replay/20190606195723/https://cdo.wikipedia.org/wiki/Unix,2.01906E+13,https://cdo.wikipedia.org/wiki/Unix
558,https://arquivo.pt/noFrame/replay/20090707093402/http://www.macdevcenter.com/pub/a/mac/2002/10/22/macforunix.html,2.00907E+13,http://www.macdevcenter.com/pub/a/mac/2002/10/22/macforunix.html
559,https://arquivo.pt/noFrame/replay/20190606193949/https://he.wikipedia.org/wiki/Unix,2.01906E+13,https://he.wikipedia.org/wiki/Unix
560,https://arquivo.pt/noFrame/replay/20091016022456/http://www.cert.org/tech_tips/win-UNIX-system_compromise.html,2.0091E+13,http://www.cert.org/tech_tips/win-UNIX-system_compromise.html
561,https://arquivo.pt/noFrame/replay/20050122042812/http://unix.no.sapo.pt/,2.00501E+13,http://unix.no.sapo.pt/
562,https://arquivo.pt/noFrame/replay/20190606193218/https://ga.wikipedia.org/wiki/UNIX,2.01906E+13,https://ga.wikipedia.org/wiki/UNIX
563,https://arquivo.pt/noFrame/replay/20190607010018/https://hif.wikipedia.org/wiki/UNIX,2.01906E+13,https://hif.wikipedia.org/wiki/UNIX
564,https://arquivo.pt/noFrame/replay/20090725035152/http://www.101webhosting.info/,2.00907E+13,http://www.101webhosting.info/
565,https://arquivo.pt/noFrame/replay/20190606191949/https://cy.wikipedia.org/wiki/Unix,2.01906E+13,https://cy.wikipedia.org/wiki/Unix
566,https://arquivo.pt/noFrame/replay/20141206060122/http://schraglab.unix.fas.harvard.edu/,2.01412E+13,http://schraglab.unix.fas.harvard.edu/
567,https://arquivo.pt/noFrame/replay/20191105190437/https://ro.m.wikipedia.org/wiki/UNIX,2.01911E+13,https://ro.m.wikipedia.org/wiki/UNIX
568,https://arquivo.pt/noFrame/replay/20180418133329/https://hu.wikipedia.org/wiki/Unix,2.01804E+13,https://hu.wikipedia.org/wiki/Unix
569,https://arquivo.pt/noFrame/replay/20180414083712/https://de.wikipedia.org/wiki/Unix,2.01804E+13,https://de.wikipedia.org/wiki/Unix
570,https://arquivo.pt/noFrame/replay/20180413033018/https://bg.wikipedia.org/wiki/Unix,2.01804E+13,https://bg.wikipedia.org/wiki/Unix
571,https://arquivo.pt/noFrame/replay/20090725034100/http://www.0addhost.com/,2.00907E+13,http://www.0addhost.com/
572,https://arquivo.pt/noFrame/replay/20180417090833/https://az.wikipedia.org/wiki/Unix,2.01804E+13,https://az.wikipedia.org/wiki/Unix
573,https://arquivo.pt/noFrame/replay/20180417075801/https://bs.wikipedia.org/wiki/UNIX,2.01804E+13,https://bs.wikipedia.org/wiki/UNIX
574,https://arquivo.pt/noFrame/replay/20050523235542/http://unix.home.sapo.pt/,2.00505E+13,http://unix.home.sapo.pt/
575,https://arquivo.pt/noFrame/replay/20180414023445/https://fi.wikipedia.org/wiki/Unix,2.01804E+13,https://fi.wikipedia.org/wiki/Unix
576,https://arquivo.pt/noFrame/replay/20180413201348/https://ast.wikipedia.org/wiki/Unix,2.01804E+13,https://ast.wikipedia.org/wiki/Unix
577,https://arquivo.pt/noFrame/replay/20180413195000/https://el.wikipedia.org/wiki/Unix,2.01804E+13,https://el.wikipedia.org/wiki/Unix
578,https://arquivo.pt/noFrame/replay/20180413021212/https://be.wikipedia.org/wiki/Unix,2.01804E+13,https://be.wikipedia.org/wiki/Unix
579,https://arquivo.pt/noFrame/replay/20180417072516/https://br.wikipedia.org/wiki/Unix,2.01804E+13,https://br.wikipedia.org/wiki/Unix
580,https://arquivo.pt/noFrame/replay/20180414004151/https://it.wikipedia.org/wiki/Unix,2.01804E+13,https://it.wikipedia.org/wiki/Unix
581,https://arquivo.pt/noFrame/replay/20180417075010/https://af.wikipedia.org/wiki/Unix,2.01804E+13,https://af.wikipedia.org/wiki/Unix
582,https://arquivo.pt/noFrame/replay/20180417090610/https://hr.wikipedia.org/wiki/UNIX,2.01804E+13,https://hr.wikipedia.org/wiki/UNIX
583,https://arquivo.pt/noFrame/replay/20180418131129/https://fr.wikipedia.org/wiki/Unix,2.01804E+13,https://fr.wikipedia.org/wiki/Unix
584,https://arquivo.pt/noFrame/replay/20180421050602/https://cs.wikipedia.org/wiki/Unix,2.01804E+13,https://cs.wikipedia.org/wiki/Unix
585,https://arquivo.pt/noFrame/replay/20180418022659/https://ja.wikipedia.org/wiki/UNIX,2.01804E+13,https://ja.wikipedia.org/wiki/UNIX
586,https://arquivo.pt/noFrame/replay/20180417063126/https://cv.wikipedia.org/wiki/UNIX,2.01804E+13,https://cv.wikipedia.org/wiki/UNIX
587,https://arquivo.pt/noFrame/replay/20180417061812/https://cdo.wikipedia.org/wiki/Unix,2.01804E+13,https://cdo.wikipedia.org/wiki/Unix
588,https://arquivo.pt/noFrame/replay/20180414014935/https://he.wikipedia.org/wiki/Unix,2.01804E+13,https://he.wikipedia.org/wiki/Unix
589,https://arquivo.pt/noFrame/replay/20120129215908/http://torrent.unix-ag.uni-kl.de/,2.01201E+13,http://torrent.unix-ag.uni-kl.de/
590,https://arquivo.pt/noFrame/replay/20180417073530/https://ga.wikipedia.org/wiki/UNIX,2.01804E+13,https://ga.wikipedia.org/wiki/UNIX
591,https://arquivo.pt/noFrame/replay/20180417060339/https://hif.wikipedia.org/wiki/UNIX,2.01804E+13,https://hif.wikipedia.org/wiki/UNIX
592,https://arquivo.pt/noFrame/replay/20180417090638/https://ka.wikipedia.org/wiki/UNIX,2.01804E+13,https://ka.wikipedia.org/wiki/UNIX
593,https://arquivo.pt/noFrame/replay/20180417074801/https://cy.wikipedia.org/wiki/Unix,2.01804E+13,https://cy.wikipedia.org/wiki/Unix
594,https://arquivo.pt/noFrame/replay/20090725034213/http://www.101highway.biz/,2.00907E+13,http://www.101highway.biz/
595,https://arquivo.pt/noFrame/replay/20080225093625/http://java-unix.en.softonic.com/palm,2.00802E+13,http://java-unix.en.softonic.com/palm
596,https://arquivo.pt/noFrame/replay/20050311182154/http://unix.home.sapo.pt/,2.00503E+13,http://unix.home.sapo.pt/
597,https://arquivo.pt/noFrame/replay/20080225093625/http://unix-quick-reference.en.softonic.com/palm,2.00802E+13,http://unix-quick-reference.en.softonic.com/palm
598,https://arquivo.pt/noFrame/replay/20160614020158/http://www.in7.pt/unix/,2.01606E+13,http://www.in7.pt/unix/
599,https://arquivo.pt/noFrame/replay/20160622093325/http://ccm.net/contents/704-unix-files,2.01606E+13,http://ccm.net/contents/704-unix-files
